#include "windowsrenderer.h"


#include <stdlib.h>
#include <malloc.h>
#include <atomic>
#include <memory.h>
#include <wchar.h>
#include <math.h>

#include <d2d1_1.h>
#include <d2d1helper.h>
#include <dwrite.h>
#include <wincodec.h>

#include <wrl.h>

#include <Uxtheme.h>

#include <winrt/Windows.UI.ViewManagement.h>

#define M_PI   3.14159265358979323846264338327950288f

using namespace winrt;

namespace viewmgmt = winrt::Windows::UI::ViewManagement;

#pragma comment(lib, "d2d1.lib")
#pragma comment(lib, "dwrite.lib")

/*
      this is the direct2d implementation for the drawing context
      In general, the context for a HWND should be preserved since allocation of
      resources can be skipped under most circumstances

      Current tasks:
      - enable scaled and non scaled (native) mode
      - draw basic shapes
      - develop the text interface
      - allow access to text metrics (font sizes in contrast to resolution)

      regarding scaling:

      the idea is that the render interface works in scaled mode by default:

      coordinates are 1x despite any DPI setting of the screen and they are all
      converted internally. To access the real resolution the functions getDPI() and doScale(bool)
      can be used to access all coordinates and refine drawing on high res displays.

      the context state stores the current transformation matrix, the current pen/brush colors
      and the ContextState from the Direct2D engine. Direct2d can not add transforms so a copy of
      the transform is being kept and modified to be applied.

*/

template<class Interface>
inline void SafeRelease(
  Interface** ppInterfaceToRelease)
{
  if (*ppInterfaceToRelease != NULL)
  {
    (*ppInterfaceToRelease)->Release();
    (*ppInterfaceToRelease) = NULL;
  }
}

D2D1_SIZE_F asSize2F(const neui::Point& p)
{
  return { (FLOAT)p.x,(FLOAT)p.y };
}

D2D1_SIZE_F asSize2F(const neui::Size& p)
{
  return { (FLOAT)p.w,(FLOAT)p.h };
}


D2D1_POINT_2F asPoint2F(const neui::Point& p)
{
  return D2D1_POINT_2F{ (FLOAT) p.x, (FLOAT) p.y};
}

D2D1_RECT_F asRect2F(const neui::Rect& r)
{
  return {(FLOAT)r.x,(FLOAT)r.y,(FLOAT)r.x+r.w,(FLOAT)r.y+r.h };
}

D2D1_RECT_F asAlignedRect2F(D2D1_RECT_F& innerRect, const neui::Rect& outerRect, int ninealign)
{
  float
    ix = innerRect.left,
    iy = innerRect.top,
    iw = innerRect.right - innerRect.left,
    ih = innerRect.bottom - innerRect.top;

  const float ox = outerRect.x,
    oy = outerRect.y,
    ow = outerRect.w - 1,
    oh = outerRect.h - 1;

  switch (ninealign)
  {
  case 0:
  case 1: // north-west
    ix = ox;
    iy = oy;
    break;
  case 2: // north
    ix = ox + ((ow - iw) / 2.f);
    iy = oy;
    break;
  case 3: // north-east
    ix = ox + (ow - iw);
    iy = oy;
    break;
  case 4: // west
    ix = ox;
    iy = oy + ((oh - ih) / 2.f);
    break;
  case 5: // center
    ix = ox + ((ow - iw) / 2.f);
    iy = oy + ((oh - ih) / 2.f);
    break;
  case 6: // east
    ix = ox + (ow - iw);
    iy = oy + ((oh - ih) / 2.f);
    break;
  case 7: // south-west
    ix = ox;
    iy = oy + (oh - ih);
    break;
  case 8: // south
    ix = ox + ((ow - iw) / 2.);
    iy = oy + (oh - ih);
    break;
  case 9: // south-east
    ix = ox + (ow - iw);
    iy = oy + (oh - ih);
    break;
  default:
    ix = ox;
    iy = oy;
    break;
  }
  return D2D1_RECT_F{ ix, iy , ix+iw, iy + ih };
}


#ifndef Assert
#if defined( DEBUG ) || defined( _DEBUG )
#define Assert(b) do {if (!(b)) {OutputDebugStringA("Assert: " #b "\n");}} while(0)
#else
#define Assert(b)
#endif //DEBUG || _DEBUG
#endif

#ifndef HINST_THISCOMPONENT
EXTERN_C IMAGE_DOS_HEADER __ImageBase;
#define HINST_THISCOMPONENT ((HINSTANCE)&__ImageBase)
#endif

namespace neui
{
  namespace gfx
  {

    namespace d2d
    {
      
      std::wstring utf8_to_utf16l(const char* utf8string)
      {
        std::wstring result;
        result.reserve(strlen(utf8string)); // this is only an approximation

        uint32_t codepoint = 0;
        size_t targetpos = 0;

        auto src = reinterpret_cast<const uint8_t*>(utf8string);
        size_t pos = 0;
        while (src[pos])
        {
          auto byte = src[pos];

          if ((byte & 0b10000000) == 0b00000000)
          {
            codepoint = byte;
            pos += 1;
          }
          else
          {
            if (((byte & 0b11100000) == 0b11000000) && src[1])
            {
              codepoint = byte & 0b00011111;
              codepoint = (codepoint << 6) | ((src[pos + 1]) & 0b00111111);
              pos += 2;
            }
            else if (((byte & 0b11110000) == 0b11100000) && src[1] && src[2])
            {
              codepoint = byte & 0b00001111;
              codepoint = (codepoint << 6) | ((src[pos + 1] & 0b00111111));
              codepoint = (codepoint << 6) | ((src[pos + 2] & 0b00111111));
              pos += 3;
            }
            else if (((byte & 0b11111000) == 0b11110000) && src[1] && src[2] && src[3])
            {
              codepoint = byte & 0b00000111;
              codepoint = (codepoint << 6) | ((src[pos + 1] & 0b00111111));
              codepoint = (codepoint << 6) | ((src[pos + 2] & 0b00111111));
              codepoint = (codepoint << 6) | ((src[pos + 3] & 0b00111111));
              pos += 4;
            }
            else
            {
              return result;
            }
          }
          {
            if (codepoint >= 0xD800 && codepoint <= 0xDFFF)
            {
              // finished
              // target[targetpos] = 0;
              return std::wstring(L"illegal UTF-32 codepoint (surrogat area)");
              // throw conversion_error("illegal UTF-32 codepoint (surrogat area)");
            }
            if (codepoint <= 0xFFFF)
            {
              //target[targetpos++] = codepoint;
              result.push_back((wchar_t)codepoint);
            }
            else
            {
              if (codepoint <= 0x10FFFF )
              {
                codepoint -= 0x10000;
                uint16_t highsurr = static_cast<uint16_t>((codepoint >> 10) + 0xD800);
                uint16_t lowsurr = static_cast<uint16_t>((codepoint & 0x3FF) + 0xDC00);
                result.push_back((wchar_t)highsurr);
                result.push_back((wchar_t)lowsurr);
                //target[targetpos++] = highsurr;
                //target[targetpos++] = lowsurr;
              }
              else
              {
                // target[targetpos] = 0;
                return std::wstring(L"illegal UTF-32 codepoint (surrogat area)");
              }
            }
          }
        }
        //target[targetpos] = 0;
        return result;
      }

      class D2DFactories
      {
      public:
        // Get the singleton instance
        static D2DFactories& GetInstance() {
          static D2DFactories* instance = nullptr;
          if (!instance)
          {
            instance = new D2DFactories();
          }
          else
          {
            instance->addRef();
          }
          return *instance;
        }

        // Add reference
        void addRef() {
          refCount.fetch_add(1, std::memory_order_relaxed);
        }

        // Release reference
        void release() {
          if (refCount.fetch_sub(1, std::memory_order_acq_rel) == 1) {
            delete this;
          }
        }
        ID2D1Factory* d2dfactory() const {
          return _d2dfactory.Get();
        }
        IDWriteFactory* dwritefactory() const {
          return _dwritefactory.Get();
        }

        IWICImagingFactory* wicfactory() const {
          return _wicfactory.Get();
        }

        D2DFactories() : refCount(1) {
          HRESULT hr = D2D1CreateFactory(D2D1_FACTORY_TYPE_SINGLE_THREADED, _d2dfactory.GetAddressOf());
          if (FAILED(hr)) throw std::runtime_error("can't create direct2d factory");
          hr = DWriteCreateFactory(DWRITE_FACTORY_TYPE_SHARED, __uuidof(IDWriteFactory), reinterpret_cast<IUnknown**>(_dwritefactory.GetAddressOf()));
          if (FAILED(hr)) throw std::runtime_error("can't create direct write factory");
          hr = CoCreateInstance(
              CLSID_WICImagingFactory,
              nullptr,
              CLSCTX_INPROC_SERVER,
              __uuidof(IWICImagingFactory),
              (LPVOID*)&_wicfactory
            );
          if (FAILED(hr)) throw std::runtime_error("can't create imaging factory");
        }
        ~D2DFactories() {}
      private:

        // Disable copy constructor and assignment operator
        D2DFactories(const D2DFactories&) = delete;
        D2DFactories& operator=(const D2DFactories&) = delete;

        Microsoft::WRL::ComPtr<ID2D1Factory> _d2dfactory;
        Microsoft::WRL::ComPtr<IDWriteFactory> _dwritefactory;
        Microsoft::WRL::ComPtr<IWICImagingFactory> _wicfactory;
        // Reference count
        std::atomic<int> refCount;

      };

      class Imagesource
      {
      public:
        static bool load(const char* name, ID2D1Bitmap** ppBitmap, ID2D1RenderTarget* pRenderTarget);
      private:

      };

      class AssetImpl : public tvg::PlatformData
      {
      private:
        // -------------------------------------------------
        struct CommandRefs
        {
          ID2D1DeviceContext* _dc = nullptr;
          uint32_t _dc_age = 0;
          const Asset& _data;
        };
        class Command
        {
        public:
          Command(CommandRefs& refs) : _refs(refs) {}
          virtual ~Command() {}
          virtual void draw() = 0;
          virtual void discard() = 0;
        protected:
          inline D2D1_COLOR_F toD2D1(const uint32_t color_argb)
          {
            D2D1_COLOR_F result;
            result.a = float((color_argb >> 24) & 0xFF) / 255.f;
            result.r = float((color_argb >> 16) & 0xFF) / 255.f;
            result.g = float((color_argb >> 8) & 0xFF) / 255.f;
            result.b = float(color_argb & 0xFF) / 255.f;
            return result;
          }
          inline D2D1_POINT_2F toD2D1(const tvg::Point& p)
          {
            return { p.x,p.y };
          }
          inline D2D1_RECT_F toD2D1(const tvg::Rectangle& r)
          {
            return { r.x, r.y, r.x+r.w, r.y+r.h };
          }
          ID2D1Brush* createBrushFromStyle(const tvg::Style& style);
          ID2D1PathGeometry* createPathFromTVGPolygon(const std::vector<tvg::Point>& points, bool closed);
          ID2D1PathGeometry* createPathFromTVGPath(const tvg::Path& path);
          ID2D1PathGeometry* createPathFromTVGRectangles(const std::vector<tvg::Rectangle>& rects);
          CommandRefs& _refs;
        };

        class FillPolygon : public Command
        {
        public:
          FillPolygon(CommandRefs& refs, const tvg::FillPolygon& fill_polygon);
          void draw() override;
          void discard() override;
          ~FillPolygon() override;
        private:
          void allocate();
          const tvg::FillPolygon& _data;
          ID2D1Brush* _brush = nullptr; 
          ID2D1PathGeometry* _path = nullptr;
        };

        class OutlineFillPolygon : public Command
        {
        public:
          OutlineFillPolygon(CommandRefs& refs, const tvg::OutlineFillPolygon& fill_polygon);
          void draw() override;
          void discard() override;
          ~OutlineFillPolygon() override;
        private:
          void allocate();
          const tvg::OutlineFillPolygon& _data;
          ID2D1Brush* _brush1 = nullptr;
          ID2D1Brush* _brush2 = nullptr;
          ID2D1PathGeometry* _path = nullptr;
        };

        class FillRectangles : public Command
        {
        public:
          FillRectangles(CommandRefs& refs, const tvg::FillRectangles& fill_rectangles)
            : Command(refs)
            , _data(fill_rectangles)
          {}
          void draw() override {
            if (!_brush && !_path)
              allocate();
            if (_brush && _path)
            {
              _refs._dc->FillGeometry(_path, _brush, nullptr);
            }
          }
          void discard() override {
            SafeRelease(&_brush);
            SafeRelease(&_path);
          }
          ~FillRectangles() override {
            discard();
          }
        private:
          void allocate() {
            _brush = createBrushFromStyle(_data.prim_style);
            _path = createPathFromTVGRectangles(_data.rectangles);
          }
          const tvg::FillRectangles& _data;
          ID2D1Brush* _brush = nullptr;
          ID2D1PathGeometry* _path = nullptr;
        };

        class OutlineFillRectangles : public Command
        {
        public:
          OutlineFillRectangles(CommandRefs& refs, const tvg::OutlineFillRectangles& fill_rectangles)
            : Command(refs)
            , _data(fill_rectangles)
          {}
          void draw() override {
            if (!_brush1 && !_path)
              allocate();
            if (_brush1 && _brush2 && _path)
            {
              _refs._dc->FillGeometry(_path, _brush1, nullptr);
              _refs._dc->DrawGeometry(_path, _brush2, _data.linewdith);
            }
          }
          void discard() override {
            SafeRelease(&_brush1);
            SafeRelease(&_brush2);
            SafeRelease(&_path);
          }
          ~OutlineFillRectangles() override {
            discard();
          }
        private:
          void allocate() {
            _brush1 = createBrushFromStyle(_data.prim_style);
            _brush2 = createBrushFromStyle(_data.sec_style);
            _path = createPathFromTVGRectangles(_data.rectangles);
          }
          const tvg::OutlineFillRectangles& _data;
          ID2D1Brush* _brush1 = nullptr;
          ID2D1Brush* _brush2 = nullptr;
          ID2D1PathGeometry* _path = nullptr;
        };

        class FillPath : public Command
        {
        public:
          FillPath(CommandRefs& refs, const tvg::FillPath& fill_path);
          void draw() override;
          void discard() override;
          ~FillPath() override;
        private:
          void allocate();
          const tvg::FillPath& _data;
          ID2D1Brush* _brush = nullptr;
          ID2D1PathGeometry* _path = nullptr;
        };

        class OutlineFillPath : public Command
        {
        public:
          OutlineFillPath(CommandRefs& refs, const tvg::OutlineFillPath& fill_path);
          void draw() override;
          void discard() override;
          ~OutlineFillPath() override;
        private:
          void allocate();
          const tvg::OutlineFillPath& _data;
          ID2D1Brush* _brush1 = nullptr;
          ID2D1Brush* _brush2 = nullptr;
          ID2D1PathGeometry* _path = nullptr;
        };

        class DrawLines : public Command
        {
        public:
          DrawLines(CommandRefs& refs, const tvg::DrawLines& draw_lines)
            : Command(refs)
            , _data(draw_lines) {}
          void draw() override
          {
            if (!_brush) allocate();
            if (_brush)
            {
              for (auto& l : _data.lines)
              {
                _refs._dc->DrawLine(toD2D1(l.start), toD2D1(l.end), _brush, _data.linewidth);
              }
            }
          }
          void discard() override { SafeRelease(&_brush); }
          ~DrawLines() { discard(); }
        private:
          void allocate()
          {
            _brush = createBrushFromStyle(_data.prim_style);
          }
          const tvg::DrawLines& _data;
          ID2D1Brush* _brush = nullptr;
        };

        class DrawPolygon : public Command
        {
        public:
          DrawPolygon(CommandRefs& refs, const tvg::DrawLineLoop& draw_lines)
            : Command(refs)
            , _data(draw_lines) {}
          void draw() override
          {
            if (!_brush) allocate();
            if (_brush)
            {
              _refs._dc->DrawGeometry(_path, _brush, _data.linewidth);
            }
          }
          void discard() override {
            SafeRelease(&_brush); 
            SafeRelease(&_path);
          }
          ~DrawPolygon() { discard(); }
        private:
          void allocate()
          {
            _brush = createBrushFromStyle(_data.prim_style);
            _path = createPathFromTVGPolygon(_data.points, true);
          }
          const tvg::DrawLineLoop& _data;
          ID2D1Brush* _brush = nullptr;
          ID2D1PathGeometry* _path = nullptr;

        };

        class DrawLineStrip : public Command
        {
        public:
          DrawLineStrip(CommandRefs& refs, const tvg::DrawLineStrip& draw_line_strip)
            : Command(refs)
            , _data(draw_line_strip) {}
          void draw()
          {
            if (!_brush) allocate();
            if (_brush)
            {
              _refs._dc->DrawGeometry(_path, _brush, _data.linewidth);
            }
          }
          void discard() { 
            SafeRelease(&_brush);
            SafeRelease(&_path);
          }
          ~DrawLineStrip() {
            discard();
          }
        private:
          void allocate()
          {
            _brush = createBrushFromStyle(_data.prim_style);
            _path = createPathFromTVGPolygon(_data.points, false);
          }
          const tvg::DrawLineStrip& _data;
          ID2D1Brush* _brush = nullptr;
          ID2D1PathGeometry* _path = nullptr;

        };

        class DrawPath : public Command
        {
        public:
          DrawPath(CommandRefs& refs, const tvg::DrawLinePath& draw_lines)
            : Command(refs)
            , _data(draw_lines) {}
          void draw() override
          {
            if (!_brush) allocate();
            if (_brush)
            {
              _refs._dc->DrawGeometry(_path, _brush, _data.linewidth);
            }
          }
          void discard() override {
            SafeRelease(&_brush);
            SafeRelease(&_path);
          }
          ~DrawPath() {
            discard();
          }
        private:
          void allocate()
          {
            _brush = createBrushFromStyle(_data.prim_style);
            _path = createPathFromTVGPath(_data.path);
          }
          const tvg::DrawLinePath& _data;
          ID2D1Brush* _brush = nullptr;
          ID2D1PathGeometry* _path = nullptr;

        };

        // -------------------------------------------------
      public:
        AssetImpl(Asset& data);
        void draw(ID2D1DeviceContext* d2ddc);
        ~AssetImpl() {
          _factories.release();
          _nativeCommands.clear();
        }
      private:
        void prepareNative(ID2D1DeviceContext* d2ddc);
        D2DFactories& _factories;
        Asset& _data;
        CommandRefs _refs;
        std::vector<std::unique_ptr<Command>> _nativeCommands;
      };

      void f()
      {
        viewmgmt::UISettings uisettings;
        const auto color{ uisettings.GetColorValue(viewmgmt::UIColorType::Background) };
      }

      const uint8_t pngdata[] = {
        0x89, 0x50, 0x4E, 0x47, 0x0D, 0x0A, 0x1A, 0x0A, 0x00, 0x00, 0x00, 0x0D, 0x49, 0x48, 0x44, 0x52,
0x00, 0x00, 0x02, 0x00, 0x00, 0x00, 0x02, 0x00, 0x08, 0x03, 0x00, 0x00, 0x00, 0xC3, 0xA6, 0x24,
0xC8, 0x00, 0x00, 0x00, 0x09, 0x70, 0x48, 0x59, 0x73, 0x00, 0x00, 0x0E, 0xC4, 0x00, 0x00, 0x0E,
0xC4, 0x01, 0x95, 0x2B, 0x0E, 0x1B, 0x00, 0x00, 0x03, 0x00, 0x50, 0x4C, 0x54, 0x45, 0x47, 0x70,
0x4C, 0x00, 0x00, 0x00, 0x00, 0x01, 0x01, 0x00, 0x00, 0x00, 0x00, 0x00, 0x00, 0x00, 0x00, 0x00,
0x01, 0x02, 0x02, 0x00, 0x00, 0x00, 0x00, 0x00, 0x00, 0x00, 0x00, 0x00, 0x00, 0x00, 0x00, 0x00,
0x00, 0x00, 0x00, 0x00, 0x00, 0x00, 0x00, 0x00, 0x00, 0x00, 0x00, 0x00, 0x00, 0x00, 0x00, 0x01,
0x01, 0x00, 0x01, 0x01, 0x00, 0x00, 0x00, 0x00, 0x00, 0x00, 0x10, 0x41, 0x42, 0x16, 0x58, 0x59,
0x3F, 0x88, 0x8A, 0x45, 0x94, 0x97, 0x51, 0xA9, 0xAC, 0x1C, 0x6E, 0x6F, 0x16, 0x6E, 0x70, 0x18,
0x6F, 0x71, 0x62, 0xC1, 0xC4, 0x4A, 0xA5, 0xA7, 0x16, 0x6C, 0x6E, 0x14, 0x67, 0x69, 0x6E, 0xC7,
0xC9, 0x6C, 0xC8, 0xCA, 0x2E, 0x88, 0x8A, 0x15, 0x6B, 0x6D, 0x23, 0x75, 0x77, 0x10, 0x36, 0x37,
0x12, 0x63, 0x65, 0x68, 0xC5, 0xC8, 0x5B, 0xB8, 0xBA, 0x44, 0x9F, 0xA2, 0x6A, 0xC0, 0xC3, 0x27,
0x7D, 0x7F, 0x52, 0xA5, 0xA7, 0x79, 0xCA, 0xCC, 0x42, 0x99, 0x9B, 0x32, 0x8B, 0x8D, 0x38, 0x90,
0x91, 0x77, 0xCB, 0xCD, 0x5C, 0xB6, 0xB8, 0x30, 0x8A, 0x8C, 0x56, 0xAE, 0xB0, 0x34, 0x87, 0x89,
0x5E, 0xAE, 0xB0, 0x3F, 0x93, 0x95, 0x45, 0x96, 0x97, 0x6F, 0xC2, 0xC5, 0x69, 0xBC, 0xBE, 0x1F,
0x6E, 0x70, 0x73, 0xC3, 0xC5, 0x68, 0xB8, 0xBA, 0x60, 0xB3, 0xB6, 0xFF, 0xFF, 0xFF, 0x4A, 0x9E,
0xA0, 0x56, 0xAA, 0xAC, 0x3E, 0x92, 0x94, 0x75, 0xC9, 0xCB, 0x7F, 0xD3, 0xD5, 0x4D, 0xA1, 0xA3,
0x50, 0xA4, 0xA6, 0x20, 0x73, 0x75, 0x24, 0x77, 0x79, 0x26, 0x79, 0x7B, 0x59, 0xAD, 0xAF, 0x7C,
0xCF, 0xD1, 0x40, 0x94, 0x96, 0x1E, 0x71, 0x73, 0x22, 0x76, 0x78, 0x81, 0xD4, 0xD6, 0x62, 0xB5,
0xB7, 0x72, 0xC5, 0xC7, 0x3A, 0x8D, 0x8F, 0x1A, 0x6E, 0x70, 0x6F, 0xC2, 0xC4, 0x29, 0x7C, 0x7E,
0x5C, 0xAF, 0xB1, 0x83, 0xD7, 0xD9, 0x52, 0xA5, 0xA7, 0x4F, 0xA2, 0xA4, 0x5B, 0xAE, 0xB0, 0x34,
0x87, 0x89, 0x6A, 0xBD, 0xBF, 0x6B, 0xBF, 0xC1, 0x42, 0x95, 0x97, 0x58, 0xAB, 0xAD, 0x3C, 0x8F,
0x91, 0x43, 0x96, 0x98, 0x4C, 0x9F, 0xA1, 0x53, 0xA6, 0xA8, 0x54, 0xA7, 0xA9, 0x49, 0x9C, 0x9E,
0x45, 0x98, 0x9A, 0x46, 0x99, 0x9B, 0x47, 0x9A, 0x9C, 0x74, 0xC7, 0xC9, 0x28, 0x7B, 0x7D, 0x63,
0xB6, 0xB8, 0x78, 0xCB, 0xCD, 0x7E, 0xC9, 0xCB, 0x16, 0x69, 0x6B, 0x61, 0xB4, 0xB6, 0x7D, 0xD1,
0xD3, 0x67, 0xBA, 0xBC, 0x1D, 0x70, 0x72, 0x31, 0x84, 0x86, 0x7A, 0xCE, 0xD0, 0x38, 0x8B, 0x8D,
0x79, 0xCC, 0xCE, 0x3D, 0x90, 0x92, 0x11, 0x5C, 0x5E, 0x44, 0x97, 0x99, 0x48, 0x9B, 0x9D, 0x39,
0x8C, 0x8E, 0x55, 0xA8, 0xAA, 0x2C, 0x7F, 0x81, 0x5F, 0xB2, 0xB4, 0x71, 0xC4, 0xC6, 0x1C, 0x6F,
0x71, 0x73, 0xC6, 0xC8, 0x87, 0xDB, 0xDD, 0x2F, 0x82, 0x84, 0x5D, 0xB0, 0xB2, 0x82, 0xD5, 0xD7,
0x13, 0x5E, 0x60, 0x66, 0xB8, 0xBA, 0x33, 0x86, 0x88, 0x77, 0xCA, 0xCC, 0x2E, 0x81, 0x83, 0x2B,
0x7E, 0x80, 0x64, 0xB7, 0xB9, 0x21, 0x6D, 0x6F, 0x19, 0x6C, 0x6E, 0x27, 0x74, 0x76, 0x5E, 0xB1,
0xB3, 0x6E, 0xC1, 0xC3, 0x85, 0xD8, 0xDA, 0x78, 0xC4, 0xC6, 0x68, 0xBC, 0xBE, 0x27, 0x71, 0x73,
0x18, 0x6B, 0x6D, 0x76, 0xC2, 0xC4, 0x86, 0xD9, 0xDB, 0x18, 0x65, 0x66, 0x2C, 0x78, 0x79, 0x7D,
0xC8, 0xCA, 0x37, 0x8A, 0x8C, 0x14, 0x67, 0x69, 0x80, 0xCC, 0xCE, 0x27, 0x77, 0x79, 0x5C, 0xAD,
0xAF, 0x35, 0x88, 0x8A, 0x36, 0x89, 0x8B, 0x4A, 0x95, 0x97, 0x10, 0x5B, 0x5D, 0x4D, 0x98, 0x9A,
0x2F, 0x7A, 0x7C, 0x53, 0x9D, 0x9F, 0x32, 0x7D, 0x7F, 0x23, 0x6F, 0x71, 0x2A, 0x75, 0x77, 0x1D,
0x67, 0x69, 0x1F, 0x6B, 0x6D, 0x38, 0x84, 0x86, 0x58, 0xA4, 0xA6, 0x89, 0xDD, 0xDF, 0x17, 0x62,
0x64, 0x3E, 0x8A, 0x8C, 0x42, 0x8D, 0x8F, 0x6D, 0xBF, 0xC1, 0x37, 0x89, 0x8B, 0x57, 0xA2, 0xA4,
0x45, 0x90, 0x92, 0x37, 0x82, 0x84, 0x63, 0xAF, 0xB1, 0x7F, 0xCA, 0xCC, 0x5F, 0xAB, 0xAD, 0x3E,
0x8C, 0x8E, 0x48, 0x94, 0x95, 0x72, 0xBE, 0xC0, 0x35, 0x80, 0x82, 0x5D, 0xA9, 0xAB, 0x3A, 0x86,
0x88, 0x3C, 0x88, 0x8A, 0x66, 0xB2, 0xB4, 0x51, 0x9A, 0x9C, 0x70, 0xBC, 0xBE, 0x5B, 0xAB, 0xAD,
0x54, 0x9F, 0xA1, 0x5B, 0xA6, 0xA8, 0x0E, 0x5A, 0x5B, 0x26, 0x6E, 0x70, 0x61, 0xAD, 0xAF, 0x5B,
0xA8, 0xA9, 0x2A, 0x7A, 0x7C, 0x59, 0xA9, 0xAB, 0x0F, 0x5B, 0x5C, 0x1E, 0x69, 0x6B, 0x7A, 0xC6,
0xC8, 0x50, 0x9C, 0x9E, 0x68, 0xB4, 0xB6, 0x4D, 0x9E, 0xA0, 0x65, 0xB1, 0xB2, 0x6F, 0xBB, 0xBC,
0x6C, 0xB8, 0xBA, 0x15, 0x60, 0x62, 0x57, 0xA6, 0xA8, 0x43, 0x93, 0x95, 0x1C, 0x66, 0x68, 0x35,
0x7F, 0x80, 0x56, 0xA0, 0xA2, 0x6A, 0xBB, 0xBC, 0x41, 0x90, 0x92, 0x30, 0x83, 0x85, 0x48, 0x98,
0x9A, 0x4C, 0x9B, 0x9D, 0x46, 0x92, 0x94, 0x2E, 0x7E, 0x80, 0x50, 0x9F, 0xA1, 0x25, 0x6C, 0x6D,
0x53, 0xA2, 0xA4, 0x5F, 0xAF, 0xB1, 0x6A, 0xB5, 0xB7, 0x75, 0xC0, 0xC2, 0x6B, 0xB6, 0xB8, 0x6E,
0xB9, 0xBB, 0xF7, 0xFA, 0xFB, 0x53, 0x97, 0x98, 0x78, 0xCA, 0xCC, 0xE2, 0xEF, 0xEF, 0xED, 0xF5,
0xF5, 0x59, 0xA1, 0xA3, 0xFB, 0xFD, 0xFD, 0x6A, 0xA3, 0xA4, 0xC5, 0xDF, 0xE0, 0xD6, 0xE8, 0xE8,
0x8C, 0xBD, 0xBE, 0xB7, 0xD7, 0xD8, 0xAA, 0xCB, 0xCC, 0x9C, 0xC3, 0xC4, 0x85, 0xB4, 0xB5, 0x75,
0xA9, 0xAB, 0x64, 0x9E, 0x9F, 0xA5, 0xD5, 0xD7, 0x7A, 0xB1, 0xB2, 0x91, 0xCB, 0xCD, 0x63, 0x8A,
0x30, 0xA8, 0x00, 0x00, 0x00, 0x3F, 0x74, 0x52, 0x4E, 0x53, 0x00, 0x04, 0x0E, 0x05, 0x0A, 0x03,
0x11, 0x01, 0x07, 0x02, 0x06, 0x14, 0x18, 0x1A, 0x24, 0x1D, 0x21, 0x27, 0x1E, 0x20, 0x3A, 0x4D,
0x1E, 0x2F, 0x41, 0x6D, 0xA3, 0xB9, 0x68, 0xA3, 0x86, 0xDF, 0xC2, 0xAA, 0xA3, 0xCD, 0xE4, 0x2F,
0xED, 0x96, 0x88, 0x71, 0xD1, 0xCE, 0xE2, 0xEE, 0xCB, 0xB6, 0x5D, 0xDE, 0xB2, 0x8C, 0xC5, 0xE8,
0xF2, 0xDE, 0xEF, 0xE4, 0xE2, 0xF2, 0xF2, 0xEE, 0xE1, 0x5F, 0x74, 0xF6, 0x17, 0x00, 0x00, 0x20,
0x00, 0x49, 0x44, 0x41, 0x54, 0x78, 0xDA, 0xEC, 0x5C, 0xBB, 0x6E, 0xDB, 0xCA, 0x16, 0x3D, 0x57,
0x57, 0xF1, 0x39, 0xF7, 0x7E, 0x80, 0xA4, 0x82, 0x05, 0x59, 0x49, 0x57, 0x80, 0x0A, 0xB9, 0x73,
0xE0, 0xC0, 0x85, 0xD5, 0xA9, 0x10, 0x0C, 0x04, 0xD0, 0x37, 0x18, 0xB0, 0x00, 0x15, 0x86, 0x5A,
0x43, 0x02, 0x54, 0xA4, 0x25, 0x0B, 0x12, 0x10, 0xC0, 0x5F, 0x70, 0xCD, 0x42, 0x1D, 0x3F, 0x80,
0x38, 0x80, 0xF2, 0x0D, 0x51, 0x1C, 0x28, 0x41, 0xE0, 0x20, 0x95, 0x71, 0xEE, 0xBC, 0x39, 0x2F,
0xEA, 0x95, 0x87, 0x28, 0x71, 0xD6, 0x0C, 0x87, 0x9C, 0xA1, 0x44, 0x71, 0xF6, 0x5A, 0x7B, 0xCF,
0x26, 0x9D, 0x73, 0xFE, 0xF8, 0xC3, 0xC0, 0xC0, 0xC0, 0xC0, 0xC0, 0xC0, 0xC0, 0xC0, 0xC0, 0xC0,
0xC0, 0xC0, 0xC0, 0xC0, 0xC0, 0xC0, 0xC0, 0xC0, 0xC0, 0xC0, 0xC0, 0xC0, 0xC0, 0xC0, 0xC0, 0xC0,
0xC0, 0xC0, 0xC0, 0x20, 0x3F, 0xF8, 0x93, 0xC3, 0x7F, 0x08, 0x5E, 0x21, 0xFC, 0x0B, 0xE1, 0xDF,
0x08, 0xFF, 0xC5, 0xF8, 0x0B, 0xA2, 0x52, 0xB3, 0xAC, 0x46, 0xDD, 0x71, 0x6C, 0xBB, 0xDD, 0x6E,
0xB7, 0x5A, 0x11, 0x40, 0x88, 0x00, 0x8F, 0x5A, 0x2D, 0x30, 0x68, 0xDB, 0x8E, 0x53, 0x6F, 0x58,
0x56, 0xAD, 0x82, 0xBE, 0x40, 0xBE, 0x8C, 0xAF, 0x84, 0xAF, 0x8A, 0x7F, 0xE1, 0x15, 0xF9, 0x3D,
0xFE, 0x1E, 0x0C, 0x23, 0x07, 0x62, 0x5F, 0xE5, 0x9E, 0xA3, 0x1E, 0xD2, 0x58, 0xAD, 0x59, 0x75,
0xC7, 0x6E, 0xB7, 0x08, 0xDB, 0x00, 0xBD, 0x70, 0x23, 0xA2, 0x56, 0xDB, 0x76, 0xEA, 0x44, 0x09,
0xB2, 0x0C, 0xB2, 0x44, 0x60, 0x78, 0xF9, 0xDD, 0xEC, 0xF3, 0xE4, 0xA7, 0xDC, 0x53, 0xEA, 0xAB,
0x56, 0xC3, 0xB1, 0x5B, 0xE1, 0xBE, 0xE8, 0xA0, 0x1A, 0xB6, 0x6C, 0xA7, 0x61, 0x31, 0x1D, 0x48,
0x2A, 0x30, 0x22, 0x38, 0x38, 0xFB, 0x22, 0xF9, 0x84, 0xFA, 0x8A, 0x55, 0xB7, 0xDB, 0x51, 0xF8,
0x13, 0x11, 0xB5, 0xED, 0x3A, 0x92, 0x01, 0x55, 0x81, 0x2C, 0x02, 0xA3, 0x81, 0xDF, 0xCA, 0xBE,
0x86, 0x7C, 0xE6, 0xF6, 0x4E, 0x13, 0x7B, 0xFD, 0x1A, 0x01, 0x44, 0xD2, 0xD1, 0x46, 0xAD, 0x44,
0xF8, 0x23, 0xAD, 0xA6, 0x63, 0x55, 0x53, 0x15, 0x64, 0x8B, 0xC0, 0x50, 0xF5, 0x1B, 0xD9, 0x67,
0xE4, 0x97, 0x6A, 0x75, 0x1A, 0xF1, 0x23, 0x52, 0x52, 0x72, 0x41, 0x2F, 0x0A, 0xB9, 0x02, 0x2B,
0x3E, 0x88, 0xD2, 0x73, 0xF4, 0x9B, 0x11, 0x3D, 0x2D, 0x0C, 0x92, 0x4B, 0xB5, 0xDA, 0x0E, 0x8C,
0x05, 0x9C, 0x08, 0x74, 0x1A, 0x30, 0x7C, 0xFD, 0x72, 0xF6, 0x05, 0xF2, 0x2B, 0x96, 0xD3, 0xE6,
0x5C, 0x35, 0x54, 0xC8, 0x86, 0xE3, 0x91, 0x54, 0xC8, 0xA7, 0xF9, 0x73, 0x91, 0x38, 0xC6, 0xEB,
0x86, 0xE9, 0x09, 0xEE, 0xB1, 0x08, 0xFE, 0x12, 0x45, 0x60, 0x34, 0x70, 0x08, 0xF6, 0x21, 0xF9,
0x42, 0xAA, 0x27, 0xFB, 0x7A, 0xC8, 0x18, 0x4D, 0x49, 0xD7, 0xA8, 0x21, 0x0A, 0x23, 0xFD, 0xB0,
0xFE, 0x73, 0x50, 0x04, 0x36, 0x89, 0x04, 0x24, 0x27, 0x30, 0x1A, 0xF8, 0xB5, 0xF4, 0x0B, 0xEC,
0x53, 0xF2, 0xFF, 0xAA, 0xD5, 0x9B, 0xD1, 0x01, 0xD1, 0xAE, 0xD7, 0xCA, 0x5C, 0x20, 0x50, 0x35,
0x60, 0xF8, 0xFB, 0x99, 0xCE, 0x2F, 0xB1, 0x0F, 0x5D, 0x1F, 0xBE, 0xCC, 0x39, 0xA4, 0x02, 0xC0,
0xAF, 0x73, 0x81, 0x80, 0xD7, 0x80, 0x09, 0x03, 0x3F, 0xD9, 0xF9, 0x79, 0xF6, 0x91, 0xEB, 0xB7,
0x07, 0x51, 0x2E, 0x10, 0x86, 0x03, 0x10, 0x08, 0x50, 0x46, 0x90, 0xA1, 0x01, 0xC3, 0xE4, 0x0F,
0x3B, 0xBF, 0xC2, 0x7E, 0x6B, 0x10, 0x0E, 0x7E, 0x09, 0x22, 0xAE, 0xDD, 0xE5, 0x6B, 0x2D, 0xC7,
0x68, 0xE0, 0x57, 0x3A, 0xBF, 0xE4, 0xFB, 0xB9, 0x84, 0xA2, 0x01, 0x23, 0x81, 0x9F, 0x41, 0x3F,
0x73, 0x7E, 0xFC, 0xA2, 0xA7, 0xDE, 0x8E, 0x06, 0xF9, 0x45, 0xAA, 0x01, 0x2E, 0x0C, 0x18, 0x09,
0xEC, 0x47, 0xBF, 0xEA, 0xFC, 0xD5, 0xBC, 0xFA, 0x3E, 0x8F, 0x76, 0xBD, 0x4A, 0x72, 0x42, 0x35,
0x0C, 0x18, 0x6E, 0x77, 0xA3, 0x5F, 0x70, 0xFE, 0xB2, 0x65, 0xCF, 0x66, 0x83, 0xD9, 0x31, 0xC0,
0xB6, 0xCA, 0x6C, 0x29, 0x90, 0xC2, 0x80, 0xE1, 0x77, 0x27, 0xFA, 0x09, 0xFB, 0xC8, 0xF9, 0x5B,
0x3F, 0xCC, 0x0B, 0x7C, 0x7F, 0xD3, 0xE9, 0xF5, 0xA6, 0xAE, 0x1B, 0x04, 0x13, 0x84, 0x47, 0x04,
0x7C, 0x1C, 0x04, 0xAE, 0x3B, 0xED, 0xF5, 0xE0, 0x5F, 0x00, 0xA3, 0x1F, 0xFD, 0x21, 0x90, 0x12,
0x56, 0x85, 0xA5, 0xC0, 0x48, 0xE0, 0x07, 0xE8, 0x27, 0xCE, 0xBF, 0x37, 0x06, 0x11, 0xA0, 0xDD,
0x0D, 0x08, 0xDB, 0xDB, 0x61, 0x12, 0xB8, 0xBD, 0x61, 0x18, 0x0D, 0x7E, 0xE0, 0x47, 0xDB, 0x56,
0x29, 0x43, 0x02, 0x46, 0x03, 0x5B, 0xD2, 0x4F, 0x57, 0x7E, 0xA7, 0xB5, 0x5F, 0xE8, 0x1F, 0x84,
0xC3, 0xDE, 0x74, 0x37, 0xE2, 0x55, 0x21, 0x4C, 0x81, 0x10, 0xF6, 0xD3, 0x01, 0x0E, 0x03, 0xE9,
0x4A, 0x60, 0x24, 0xB0, 0x2B, 0xFD, 0xF8, 0xA1, 0xCF, 0x4E, 0xF6, 0xE3, 0x7E, 0xEA, 0x22, 0xEA,
0x69, 0x98, 0xDF, 0x53, 0x00, 0x78, 0x17, 0xF4, 0x7B, 0xBB, 0xAE, 0x0B, 0xF8, 0xAE, 0x9B, 0x16,
0x5B, 0x09, 0xCC, 0x42, 0xB0, 0x07, 0xFD, 0x65, 0xAB, 0x89, 0x6C, 0xB9, 0x4B, 0x89, 0xC2, 0x1E,
0xA4, 0x7E, 0x82, 0xE8, 0x9B, 0xE0, 0x86, 0xED, 0xC4, 0xC2, 0x57, 0xA9, 0x4C, 0xC4, 0xEF, 0xA1,
0xEA, 0x42, 0x15, 0x6C, 0x7B, 0x1B, 0xF8, 0xB6, 0x67, 0x49, 0x9B, 0x26, 0x84, 0x6C, 0x25, 0x30,
0x12, 0x58, 0x47, 0x3F, 0xBF, 0xF4, 0x9F, 0x35, 0x5A, 0xCC, 0x95, 0xB6, 0x03, 0xF0, 0x7B, 0x89,
0x78, 0x81, 0x42, 0xBA, 0x4D, 0xA4, 0x23, 0xFD, 0xB0, 0x28, 0x1E, 0xDC, 0x3C, 0x4E, 0x40, 0x2C,
0xD8, 0x3E, 0x02, 0xC0, 0x66, 0xD0, 0xAA, 0x57, 0x8C, 0x04, 0xB6, 0xF7, 0x7E, 0x46, 0x7F, 0x05,
0xE4, 0xFD, 0x49, 0xB2, 0x75, 0x00, 0x98, 0x45, 0x3D, 0x1A, 0xF3, 0x53, 0x16, 0x59, 0x97, 0xA3,
0x51, 0x24, 0x58, 0xAD, 0xB2, 0x12, 0x58, 0x93, 0x0A, 0x02, 0x84, 0x82, 0xC1, 0xA6, 0xFB, 0xA2,
0x07, 0xB0, 0x69, 0x39, 0x46, 0x02, 0xBB, 0xD2, 0x0F, 0x96, 0x7E, 0x68, 0xBD, 0x2D, 0x11, 0x76,
0xDC, 0x89, 0x06, 0x81, 0xB4, 0x57, 0xCE, 0x3F, 0x06, 0xAC, 0xCD, 0x42, 0x90, 0x71, 0x01, 0xB7,
0x13, 0x26, 0x3B, 0xC0, 0x46, 0x6F, 0x08, 0x89, 0x04, 0x4C, 0x2E, 0xA0, 0xF0, 0xCF, 0xD3, 0x0F,
0x5F, 0xF8, 0x3A, 0xDB, 0x9B, 0x76, 0x16, 0x4E, 0xB3, 0x08, 0x7C, 0x94, 0xF6, 0xCA, 0xF9, 0xE0,
0x91, 0xB5, 0x93, 0x75, 0xD7, 0x78, 0xD4, 0x5F, 0xC4, 0x0D, 0x07, 0x46, 0x02, 0x3F, 0x8F, 0xFE,
0x57, 0x1C, 0xFD, 0xB3, 0x9D, 0x5D, 0xFF, 0x51, 0x26, 0xEB, 0x91, 0x0E, 0x43, 0x07, 0x7F, 0xA4,
0x35, 0x3D, 0x7A, 0x94, 0x68, 0xD6, 0xD6, 0x49, 0xD6, 0x87, 0xE8, 0x08, 0x58, 0x0D, 0x50, 0x98,
0xDF, 0x50, 0xB1, 0x04, 0xAA, 0x5A, 0x09, 0x18, 0xFA, 0x15, 0xFA, 0x13, 0x6F, 0x2B, 0xF6, 0xA3,
0x5E, 0x80, 0x82, 0x73, 0x00, 0x2B, 0x2A, 0xB4, 0x09, 0xC8, 0x0E, 0x1E, 0xA5, 0x63, 0x01, 0xDB,
0x05, 0xB4, 0xC7, 0xBE, 0xA8, 0xC7, 0x44, 0x28, 0xDC, 0x55, 0xD3, 0x1F, 0x0D, 0x80, 0x06, 0xA2,
0x04, 0xDD, 0xF2, 0xFA, 0x0A, 0xB7, 0x54, 0x02, 0xAF, 0x8C, 0x04, 0xE4, 0xD4, 0x9F, 0xA4, 0x7E,
0x8E, 0x87, 0x0D, 0xB6, 0xA9, 0x0C, 0x80, 0xEF, 0xD3, 0xF5, 0x59, 0x24, 0x2A, 0x1D, 0x21, 0xF2,
0x20, 0x1D, 0x72, 0xCC, 0x2F, 0xEF, 0x81, 0x70, 0x56, 0x5D, 0xFE, 0x95, 0x0B, 0x8B, 0xD7, 0x67,
0x83, 0x48, 0x03, 0xE4, 0xB6, 0xB3, 0x2A, 0xDE, 0x3B, 0x15, 0x51, 0x02, 0x05, 0x5E, 0x07, 0xB2,
0xE8, 0xA7, 0x0E, 0xB3, 0xDE, 0xF7, 0x5D, 0x46, 0xEE, 0x44, 0xC3, 0x7C, 0xA0, 0xCA, 0x82, 0xF8,
0xEE, 0x24, 0x8D, 0x10, 0x3A, 0xFF, 0x16, 0x37, 0x45, 0x02, 0xFA, 0x21, 0xF4, 0xC3, 0x54, 0x03,
0x19, 0xE4, 0xA7, 0xA2, 0x4E, 0x9F, 0x08, 0x78, 0x09, 0x14, 0x3C, 0xF7, 0x23, 0xAF, 0x7D, 0x1A,
0x97, 0x92, 0xB1, 0x36, 0xFA, 0xBE, 0x2E, 0x02, 0x04, 0xDA, 0x88, 0xA0, 0xD0, 0xF8, 0xC8, 0xF8,
0xE4, 0x74, 0xC4, 0x0D, 0xF1, 0xE7, 0x82, 0x8C, 0x70, 0xC0, 0xF5, 0xE0, 0x5A, 0xD0, 0x19, 0x64,
0x44, 0x7F, 0x5E, 0x09, 0x5E, 0xAB, 0x5E, 0x4E, 0x25, 0x50, 0xD4, 0x75, 0x40, 0x72, 0x7F, 0xF4,
0xD2, 0xD7, 0xBA, 0x80, 0x36, 0xF2, 0x3C, 0xBA, 0x69, 0x91, 0x84, 0xFD, 0x20, 0xC7, 0xE8, 0x87,
0xFA, 0x3B, 0x4F, 0x48, 0xC5, 0xFB, 0x4B, 0xF2, 0x82, 0x98, 0x66, 0x83, 0x85, 0x53, 0x80, 0x12,
0xFD, 0x61, 0xEE, 0x67, 0x23, 0xFA, 0x13, 0xCE, 0x56, 0x6A, 0x99, 0x0D, 0xDD, 0x20, 0xE7, 0x70,
0x7B, 0x03, 0xCD, 0x8D, 0x53, 0x09, 0xD0, 0xA9, 0x35, 0x6B, 0xBA, 0x54, 0xA0, 0xC0, 0xD1, 0x1F,
0xE5, 0x7E, 0xD4, 0xF3, 0x53, 0x5B, 0x89, 0x5B, 0xBE, 0x9D, 0x5F, 0x0E, 0x03, 0x42, 0x30, 0xE3,
0x55, 0x8D, 0xD7, 0x38, 0x3E, 0x1B, 0x2C, 0xD6, 0x3A, 0xA0, 0x89, 0xFE, 0x60, 0xF1, 0xF7, 0x98,
0xF3, 0x27, 0x9C, 0x02, 0xB8, 0xC8, 0x09, 0x9E, 0xF9, 0x8E, 0x08, 0x20, 0x0C, 0x88, 0xB7, 0x9F,
0xB0, 0x65, 0x8D, 0xEE, 0x2E, 0x49, 0x2A, 0x50, 0xB0, 0x75, 0x40, 0x71, 0x7F, 0xBC, 0xF8, 0x6F,
0x02, 0x48, 0xFB, 0xB7, 0x47, 0x20, 0x6D, 0x6C, 0x94, 0xAF, 0xCA, 0xA7, 0x5D, 0xED, 0xB7, 0x84,
0xE3, 0x60, 0x87, 0x9B, 0xE8, 0x45, 0x1B, 0x27, 0x75, 0x61, 0x15, 0x6F, 0x1D, 0xE0, 0xDC, 0x9F,
0xD2, 0x0F, 0xA2, 0x3F, 0x81, 0x4F, 0x36, 0xDC, 0x70, 0xFD, 0x68, 0xEA, 0x1E, 0x21, 0x68, 0x42,
0xE8, 0x67, 0x4B, 0xC0, 0x16, 0xD7, 0x81, 0x93, 0x57, 0x80, 0x2E, 0xFA, 0x5B, 0x97, 0x1C, 0xFD,
0x3C, 0xEF, 0x94, 0x7E, 0xB0, 0xF4, 0xBB, 0x47, 0x8A, 0xFE, 0x30, 0x61, 0x8A, 0xF6, 0xB9, 0x39,
0xF9, 0x6C, 0x96, 0x97, 0x16, 0x5D, 0x07, 0x8A, 0x10, 0x04, 0x34, 0xEE, 0x0F, 0x72, 0xFF, 0xD4,
0x26, 0x6C, 0xCF, 0x01, 0xE4, 0xFD, 0x47, 0x8D, 0xCE, 0x4C, 0x9C, 0x8F, 0x2F, 0xA9, 0x3D, 0x69,
0x56, 0x0B, 0x13, 0x04, 0x34, 0x8F, 0xFE, 0x30, 0xF9, 0xA3, 0xAE, 0xC1, 0xEF, 0x69, 0x49, 0x3A,
0x7D, 0xB7, 0xBF, 0x07, 0xDC, 0x6D, 0xCB, 0x5E, 0xA7, 0x77, 0x03, 0x8A, 0x02, 0x69, 0x11, 0x77,
0x50, 0x08, 0x0D, 0x4D, 0x10, 0x28, 0x86, 0xFB, 0xD7, 0x9A, 0xD4, 0x1D, 0x84, 0xE8, 0xC8, 0x6A,
0x32, 0x44, 0xD6, 0xDE, 0x4B, 0x02, 0x7D, 0x77, 0xEA, 0x92, 0x96, 0x6E, 0xFC, 0x58, 0x76, 0xA3,
0x1B, 0xE4, 0xAE, 0xB0, 0xFB, 0xFD, 0xB8, 0xFD, 0x4E, 0x22, 0xCF, 0x8C, 0x13, 0x3C, 0x68, 0x2E,
0x6A, 0x05, 0x08, 0x02, 0x62, 0xF2, 0x8F, 0xFE, 0x8F, 0x2E, 0xF5, 0xD4, 0x1D, 0xC4, 0x08, 0x80,
0x2B, 0xA6, 0xDF, 0xDD, 0x87, 0x7F, 0xE6, 0xAC, 0x53, 0xF4, 0x75, 0x17, 0xEF, 0xE9, 0x11, 0xEB,
0xF3, 0xD4, 0xF2, 0x63, 0xB4, 0x15, 0xCE, 0xF0, 0x17, 0xDC, 0x19, 0xC3, 0x44, 0x94, 0xB7, 0x2F,
0x68, 0xC1, 0xF7, 0xEA, 0xA5, 0x13, 0x0F, 0x02, 0x3A, 0xF7, 0xBF, 0xF0, 0xD7, 0x21, 0xE9, 0xF6,
0xA7, 0xFD, 0x29, 0xAC, 0xD3, 0xDD, 0xED, 0x3D, 0x25, 0x50, 0x0F, 0xC8, 0x51, 0x1F, 0x37, 0xF8,
0x07, 0xFA, 0x53, 0x7E, 0x8C, 0xFF, 0x78, 0x5F, 0xFE, 0x36, 0xBE, 0x9F, 0x3D, 0xEE, 0xA8, 0xDF,
0xF5, 0xD6, 0x4E, 0xF7, 0xC4, 0x83, 0x80, 0xC8, 0x3F, 0x59, 0xFD, 0xD7, 0xD9, 0xC3, 0xEB, 0xF6,
0xB1, 0xA1, 0x51, 0xDD, 0xA3, 0xB8, 0xA4, 0xF4, 0xC9, 0x2E, 0x1D, 0x90, 0x5A, 0xB4, 0xA1, 0xC0,
0x4F, 0xC6, 0x90, 0x80, 0xD8, 0xA7, 0x89, 0xA0, 0xF0, 0xCA, 0x40, 0x86, 0xA6, 0xFD, 0x7D, 0x6E,
0x6A, 0x93, 0x04, 0xB8, 0x4C, 0xE0, 0xE4, 0x14, 0xA0, 0x79, 0xF6, 0xB7, 0x19, 0xD5, 0xA8, 0x8A,
0x9B, 0xD7, 0x9D, 0x8A, 0xCC, 0xEF, 0x1C, 0x01, 0xD2, 0xA2, 0x91, 0x86, 0xCA, 0x0E, 0xAE, 0xEE,
0x54, 0xFD, 0x06, 0x71, 0x79, 0x77, 0x2A, 0x5D, 0x68, 0xAF, 0x5B, 0x0A, 0x3D, 0x36, 0x61, 0x3A,
0x57, 0xDA, 0x82, 0x7D, 0x53, 0xF3, 0x4E, 0xE0, 0x04, 0xF9, 0x27, 0xCF, 0xFE, 0x29, 0xF5, 0x2A,
0x66, 0x3D, 0x89, 0xAE, 0xFD, 0x82, 0x00, 0xCF, 0xB7, 0x2B, 0xB1, 0x9F, 0x8E, 0xF2, 0x1B, 0x17,
0x1A, 0xC4, 0x48, 0x92, 0x25, 0x9C, 0x5D, 0x83, 0x40, 0x6F, 0xA0, 0x84, 0x3A, 0xAE, 0xE5, 0xDF,
0x09, 0x9C, 0x90, 0x02, 0xA4, 0xF0, 0x0F, 0x54, 0x5E, 0x72, 0x7C, 0x7F, 0xE9, 0x2F, 0x71, 0x55,
0x4A, 0xD2, 0x99, 0x9E, 0x30, 0x3A, 0x89, 0x30, 0xEB, 0x25, 0xEE, 0xD0, 0xFE, 0xF9, 0x19, 0x09,
0x02, 0x27, 0xB4, 0x0C, 0x28, 0xE1, 0xBF, 0x0C, 0xB3, 0x3F, 0x38, 0x5B, 0x5F, 0x47, 0xBF, 0xDF,
0x9D, 0x9E, 0x38, 0xBA, 0xFC, 0xC4, 0x7D, 0xC1, 0x14, 0x3E, 0x78, 0x20, 0x2C, 0x9F, 0xD8, 0x32,
0xA0, 0x86, 0xFF, 0x06, 0xA7, 0x78, 0x99, 0x7F, 0x2F, 0xEA, 0x4D, 0x4F, 0x1E, 0xBD, 0x11, 0x37,
0x6F, 0xC5, 0x05, 0x1A, 0x27, 0xB5, 0x0C, 0xA8, 0xE1, 0x1F, 0x66, 0x7F, 0x4B, 0x3F, 0xC3, 0xFF,
0x67, 0x05, 0xA0, 0x1F, 0x49, 0x60, 0xE6, 0x73, 0x2E, 0x20, 0x3A, 0x83, 0xCF, 0xFE, 0x3E, 0x74,
0x02, 0xCB, 0x00, 0xE5, 0x3F, 0x0D, 0xFF, 0xD5, 0x8B, 0x65, 0x26, 0xBC, 0x6E, 0xAF, 0x30, 0xE8,
0xFA, 0xD9, 0x76, 0x38, 0x9D, 0x65, 0x40, 0x97, 0xFD, 0x67, 0xCF, 0x7B, 0xD6, 0xE9, 0x15, 0x08,
0x9D, 0x55, 0xB6, 0x25, 0x4E, 0xE5, 0x69, 0x40, 0x09, 0xFF, 0xE5, 0x7A, 0xB6, 0xEE, 0xBD, 0x61,
0xAF, 0x60, 0x18, 0xAE, 0x09, 0x02, 0x4E, 0x19, 0x2D, 0x03, 0xC7, 0xAD, 0x00, 0x8E, 0x7F, 0x1C,
0xFE, 0x2B, 0x4D, 0xE3, 0xFE, 0x02, 0x46, 0xD9, 0xF6, 0x68, 0x56, 0xCA, 0x72, 0x22, 0x70, 0xA4,
0xFC, 0xBF, 0x62, 0xFC, 0xD7, 0x2E, 0x96, 0xF3, 0x8C, 0xE9, 0xFA, 0xC3, 0x4E, 0x21, 0x31, 0xF4,
0x98, 0x09, 0xE6, 0xDC, 0x11, 0x2C, 0x62, 0x22, 0x70, 0x84, 0x0A, 0xE0, 0xD3, 0x3F, 0xFC, 0xEE,
0x7F, 0xCE, 0x26, 0xC7, 0x15, 0x54, 0x47, 0x9D, 0xC2, 0x62, 0xC5, 0x8C, 0xC0, 0x6C, 0x42, 0xD4,
0x30, 0x17, 0x12, 0x81, 0x63, 0x53, 0x80, 0xBC, 0xFC, 0x97, 0xCB, 0xF5, 0x25, 0x9A, 0xA5, 0x82,
0xF9, 0xD2, 0xEF, 0x76, 0x0A, 0x0C, 0x90, 0x09, 0x20, 0xD6, 0xC5, 0x08, 0x80, 0xBA, 0x4E, 0xB9,
0x7C, 0xAC, 0x89, 0x80, 0xC2, 0x7F, 0xC9, 0x9E, 0x67, 0x21, 0x19, 0x76, 0x0A, 0x8D, 0x61, 0x92,
0x65, 0x99, 0xD8, 0x3E, 0x3B, 0x52, 0x05, 0x68, 0xD2, 0xBF, 0xAC, 0x49, 0xA2, 0xF0, 0x3F, 0x2C,
0x74, 0xE9, 0xDC, 0x2F, 0xB3, 0x14, 0x70, 0xA4, 0xA9, 0xA0, 0xC2, 0x7F, 0xF5, 0x82, 0xB0, 0xAD,
0x54, 0x6F, 0x08, 0xE9, 0x2F, 0x78, 0x1D, 0x0E, 0x3D, 0xAD, 0x71, 0x40, 0x73, 0x51, 0x3D, 0x42,
0x05, 0x30, 0xFE, 0xE9, 0xDB, 0x9F, 0xDA, 0x25, 0xA5, 0x5F, 0x76, 0xFF, 0x15, 0xF5, 0xFE, 0x42,
0x57, 0xB0, 0x8D, 0xB2, 0x82, 0xC0, 0x65, 0xED, 0xE8, 0x52, 0x41, 0x21, 0xFD, 0x87, 0xE9, 0x9F,
0x15, 0xCF, 0x63, 0x14, 0xD0, 0xF0, 0x8E, 0xE3, 0xBF, 0x3B, 0x34, 0x20, 0xE8, 0x66, 0x2E, 0x03,
0x16, 0x9F, 0x0A, 0x1E, 0x81, 0x02, 0x14, 0xFE, 0x1B, 0x88, 0x78, 0xCC, 0x3E, 0x68, 0x63, 0xD6,
0x78, 0x86, 0x76, 0x1E, 0x9E, 0x68, 0x1D, 0x56, 0xE6, 0xF5, 0xA3, 0x52, 0x80, 0xC2, 0xBF, 0xC3,
0x9C, 0x3F, 0x9E, 0xB3, 0x50, 0x00, 0xB7, 0x19, 0x99, 0x38, 0x08, 0x80, 0x21, 0x58, 0x06, 0x0B,
0xDE, 0x00, 0x24, 0xA9, 0x75, 0xA8, 0xC1, 0x50, 0x5D, 0x38, 0x47, 0xA4, 0x00, 0x85, 0xFF, 0x73,
0x2C, 0x68, 0x3A, 0x1B, 0x26, 0x85, 0x65, 0x84, 0xC9, 0x1F, 0xB2, 0x5D, 0xC1, 0x1B, 0x80, 0xD1,
0x3C, 0x75, 0x7B, 0xAE, 0xC6, 0xB1, 0x7D, 0x34, 0x0A, 0x90, 0xF9, 0x2F, 0xD9, 0xB1, 0x1E, 0x70,
0xF9, 0x07, 0x35, 0x84, 0x35, 0x04, 0x47, 0x78, 0xE3, 0x0E, 0x8B, 0xD5, 0x85, 0xC7, 0xD0, 0x22,
0x4B, 0xAD, 0xB1, 0x16, 0x8B, 0x66, 0x49, 0x7E, 0x18, 0xC8, 0x2F, 0xFF, 0xFC, 0xE3, 0xDF, 0x59,
0x33, 0x5E, 0x68, 0xA7, 0xE4, 0x75, 0x87, 0xB8, 0x0C, 0x51, 0x1E, 0xD8, 0x4D, 0xB7, 0x6E, 0x21,
0xBB, 0x5D, 0xD2, 0x0C, 0xBD, 0x0C, 0x87, 0x69, 0x9E, 0x1D, 0x83, 0x02, 0x34, 0xFC, 0xC7, 0x31,
0x4E, 0x6A, 0x60, 0x4D, 0xB7, 0x15, 0x99, 0x35, 0x9B, 0xB9, 0xB6, 0x53, 0xA4, 0x2E, 0xF3, 0x86,
0xD5, 0x5C, 0x67, 0xB1, 0x85, 0xE6, 0x95, 0x50, 0xFE, 0xF9, 0xAF, 0x34, 0x33, 0xC2, 0xFF, 0x88,
0xE9, 0x5E, 0x63, 0x97, 0xA2, 0x69, 0x40, 0x38, 0x05, 0xB6, 0xD1, 0x5C, 0x6F, 0xB5, 0xD7, 0xB9,
0x57, 0x80, 0xC2, 0xFF, 0xEB, 0x74, 0x11, 0x43, 0x95, 0x6C, 0xF3, 0xFB, 0xAE, 0x82, 0x50, 0x7B,
0x58, 0x88, 0xAE, 0x82, 0xFB, 0xA5, 0x6C, 0x31, 0x6C, 0xC2, 0xBC, 0x2B, 0x40, 0xCB, 0xFF, 0x82,
0x14, 0x56, 0x17, 0x20, 0xFD, 0x33, 0xD8, 0x80, 0x25, 0x6F, 0x31, 0x6C, 0x35, 0xA4, 0x80, 0x6A,
0x9E, 0x15, 0xA0, 0xBC, 0xFE, 0x7F, 0x1D, 0xC7, 0xC2, 0x3C, 0xC8, 0x6C, 0x7C, 0xC3, 0xEF, 0x66,
0xF8, 0xCC, 0x5D, 0x18, 0xFB, 0xB0, 0xCD, 0xB3, 0x02, 0x32, 0xE2, 0xBF, 0xA2, 0x00, 0xCF, 0xB0,
0x2B, 0x2C, 0x06, 0xAC, 0x8A, 0xB8, 0x25, 0x91, 0x5F, 0xB2, 0x1F, 0x58, 0x05, 0xCA, 0xF9, 0x54,
0x80, 0xCA, 0xFF, 0x42, 0x87, 0x38, 0xB9, 0xCF, 0x46, 0x17, 0x15, 0xD8, 0xB0, 0x8A, 0xCB, 0x89,
0x75, 0xE1, 0x14, 0x43, 0x54, 0xEE, 0x47, 0xB4, 0xDE, 0x8F, 0xC2, 0x91, 0x60, 0x8B, 0x5B, 0xAD,
0xFD, 0x16, 0x79, 0x55, 0x40, 0xFA, 0xFE, 0x87, 0x3E, 0xFF, 0xE9, 0xF9, 0x5F, 0xDD, 0xAF, 0x05,
0xA2, 0x1F, 0x02, 0xD8, 0xA6, 0x3B, 0x22, 0xBD, 0xEE, 0xA9, 0x75, 0xBB, 0x6C, 0xBE, 0xA3, 0x30,
0xAD, 0xF7, 0x6C, 0x8F, 0x4D, 0xB1, 0x8A, 0xB5, 0x26, 0x14, 0x9E, 0x06, 0x73, 0xF3, 0x4E, 0x70,
0x4B, 0xFE, 0xE7, 0x77, 0xEB, 0xD9, 0x47, 0x16, 0x22, 0x4E, 0x82, 0xBC, 0x04, 0x6F, 0xF7, 0xA7,
0xD5, 0x1D, 0xA5, 0x75, 0x24, 0x80, 0x84, 0x82, 0x7B, 0x12, 0x0A, 0xEE, 0xB4, 0x0A, 0x78, 0x12,
0xDE, 0x08, 0xE5, 0x44, 0x01, 0x32, 0xFF, 0xA5, 0xE6, 0xE2, 0x49, 0xE7, 0xFF, 0x77, 0xEB, 0xFD,
0x7F, 0x44, 0x0B, 0x69, 0x88, 0x41, 0xE8, 0xF0, 0x69, 0x74, 0x29, 0xEE, 0x20, 0x46, 0x2B, 0xBC,
0x27, 0x1D, 0x54, 0x23, 0x26, 0x87, 0xBB, 0x8C, 0x18, 0x90, 0x3B, 0x05, 0x28, 0xFC, 0x9F, 0x0B,
0xFC, 0x3F, 0x91, 0x02, 0xF8, 0x1F, 0x6D, 0x59, 0x68, 0xA3, 0x1B, 0x3E, 0xEA, 0xAE, 0xC4, 0x7E,
0xCA, 0x3F, 0xEA, 0x90, 0x81, 0x90, 0x4A, 0x00, 0x28, 0xE0, 0x89, 0x15, 0x66, 0xCE, 0x8F, 0x76,
0x29, 0x5F, 0x0A, 0xD0, 0xF0, 0x2F, 0x4A, 0xF7, 0x09, 0x6D, 0x9B, 0xFC, 0x1F, 0x59, 0x28, 0xE4,
0x0D, 0x47, 0xB7, 0x50, 0x1C, 0x3A, 0xDA, 0x2E, 0xCF, 0x3E, 0x25, 0x9D, 0x03, 0xE8, 0x0E, 0x60,
0x0C, 0x80, 0x67, 0xE8, 0x47, 0x63, 0x62, 0x3C, 0xC1, 0xA3, 0xDE, 0x9F, 0x97, 0x73, 0xA5, 0x00,
0xE5, 0xEF, 0xBF, 0x0B, 0x99, 0x7E, 0x28, 0x60, 0xB8, 0xFE, 0x6F, 0xE9, 0xFA, 0x78, 0x79, 0xE4,
0x56, 0xC4, 0x11, 0x5B, 0x18, 0x8F, 0xB6, 0x0B, 0xB2, 0x40, 0x89, 0xFE, 0x95, 0x16, 0x2C, 0x1A,
0x60, 0xAC, 0xE6, 0xD8, 0xFB, 0x85, 0x15, 0x35, 0x8E, 0xCF, 0xF3, 0xF4, 0xD7, 0x61, 0xE5, 0xDF,
0xFF, 0x3C, 0xE9, 0x30, 0xBF, 0x1B, 0x15, 0x1B, 0x90, 0xD8, 0x94, 0xF5, 0x77, 0xEF, 0xDE, 0x5D,
0x03, 0xDC, 0x0A, 0x80, 0x23, 0xE0, 0x04, 0xAF, 0x85, 0xBB, 0xD5, 0x5C, 0x6B, 0xCE, 0x86, 0xAC,
0x80, 0xC3, 0xBF, 0x00, 0x60, 0xFF, 0xFE, 0xCF, 0xF0, 0xAF, 0xA7, 0x3F, 0x75, 0x7A, 0xCC, 0x3E,
0x60, 0x3C, 0x7C, 0x79, 0xFE, 0xF6, 0xF9, 0xCB, 0xA7, 0xAF, 0x5F, 0x3F, 0x7D, 0xF9, 0xFC, 0xED,
0xF9, 0x25, 0xC4, 0x22, 0x48, 0x35, 0x80, 0xBE, 0x13, 0xEB, 0xEC, 0xB9, 0x48, 0xFF, 0x9D, 0xE0,
0x81, 0x5F, 0x07, 0xC8, 0xFC, 0xD7, 0xDE, 0x1B, 0xFE, 0xD7, 0xF3, 0x8F, 0xE8, 0x07, 0x54, 0xFF,
0xF3, 0xFC, 0xE5, 0x4A, 0xC2, 0x97, 0xE7, 0x7F, 0x90, 0x06, 0x98, 0x04, 0xB2, 0x15, 0xF0, 0xBE,
0x96, 0x0F, 0x05, 0x70, 0x2F, 0x00, 0x11, 0xFF, 0xD5, 0x37, 0x86, 0xFF, 0x0C, 0xFE, 0x29, 0xFD,
0x88, 0xFD, 0xE8, 0xBB, 0xC2, 0x3E, 0xD1, 0xC0, 0xF7, 0x01, 0xD1, 0x00, 0x93, 0x80, 0x56, 0x01,
0xF1, 0x9B, 0x2A, 0x51, 0xC0, 0x41, 0x5F, 0x09, 0x72, 0x0F, 0x00, 0x88, 0xFF, 0xCA, 0xEB, 0xF7,
0x1A, 0xC4, 0xAB, 0xBB, 0x42, 0x83, 0x3A, 0x3E, 0x8D, 0xFC, 0xE3, 0xC1, 0xF3, 0xA7, 0xAB, 0x4C,
0x7C, 0x7A, 0x1E, 0x8C, 0xD9, 0x5A, 0x80, 0x75, 0x10, 0x6B, 0x8C, 0xFA, 0xF4, 0xA6, 0xC2, 0x29,
0xE0, 0x40, 0x89, 0xA0, 0xCC, 0xFF, 0x59, 0x53, 0xCB, 0xFF, 0x3B, 0xC3, 0x3F, 0xE6, 0xFF, 0x16,
0xD1, 0xEF, 0xBD, 0xAC, 0xA1, 0x1F, 0x49, 0xE0, 0xBB, 0x37, 0xA6, 0x4B, 0x01, 0x56, 0xC0, 0x42,
0x67, 0xD7, 0xE6, 0xD9, 0xC1, 0x15, 0x20, 0xBC, 0x00, 0x28, 0x83, 0x07, 0x40, 0xDD, 0x7D, 0x2E,
0x0C, 0xFF, 0xD4, 0xFF, 0x21, 0xFD, 0xE3, 0xF0, 0xF3, 0xD5, 0x46, 0x7C, 0x0E, 0xC7, 0x48, 0x02,
0x54, 0x01, 0xD7, 0x5A, 0x05, 0x80, 0x87, 0xC1, 0x32, 0xFA, 0x6F, 0x86, 0x0E, 0xF5, 0x28, 0xA0,
0xF2, 0xFF, 0x64, 0xF8, 0xD7, 0xF1, 0x4F, 0xC2, 0xFF, 0xED, 0xAD, 0x37, 0x1E, 0x6F, 0x72, 0x7F,
0x8C, 0xAF, 0x2F, 0x63, 0x21, 0x08, 0xE8, 0x14, 0xF0, 0xF4, 0x54, 0x2F, 0x73, 0x7F, 0x1A, 0xFC,
0xFD, 0x0A, 0x90, 0x1F, 0x00, 0x1A, 0xEF, 0x3F, 0x6A, 0xEE, 0x12, 0x4F, 0xA1, 0xD0, 0xB8, 0x26,
0x8F, 0xFC, 0xE3, 0x9B, 0x9B, 0x9B, 0xE7, 0xAB, 0x2D, 0xF1, 0x0C, 0x3E, 0x4C, 0x72, 0x01, 0x28,
0x83, 0x5B, 0x5D, 0x08, 0xF8, 0xF8, 0xBF, 0x43, 0x3E, 0x0A, 0xD0, 0x04, 0x80, 0x3D, 0x00, 0x7E,
0x00, 0x02, 0x90, 0x4B, 0xE1, 0xF9, 0xBF, 0x5E, 0x5D, 0x5F, 0x27, 0xD7, 0x68, 0xF1, 0xF7, 0x6E,
0x6E, 0xBC, 0x6F, 0x57, 0x5B, 0xE3, 0x9B, 0x47, 0x14, 0x00, 0xBF, 0x0E, 0x15, 0xA0, 0xB1, 0xEE,
0x41, 0x1F, 0x06, 0xE5, 0x07, 0x80, 0x37, 0xBA, 0x00, 0x70, 0x5B, 0x78, 0xEF, 0x4F, 0x38, 0xFF,
0xDF, 0x85, 0x7F, 0xA2, 0x80, 0x31, 0x8A, 0x01, 0xC9, 0xBB, 0x8C, 0x18, 0xA0, 0x3C, 0x0A, 0x1C,
0x8C, 0xFF, 0x52, 0xF3, 0xA3, 0x06, 0x37, 0xD7, 0x05, 0xC7, 0x2D, 0x7E, 0xDD, 0x3B, 0x06, 0xEC,
0x3F, 0x3C, 0xBC, 0xDD, 0x89, 0x7F, 0xA0, 0x00, 0xDF, 0x7F, 0xC0, 0x1A, 0x40, 0x2A, 0x78, 0xD0,
0x18, 0xF8, 0xEF, 0x66, 0xE9, 0x40, 0x0A, 0x90, 0x12, 0xC0, 0xD2, 0xF9, 0xC7, 0x0F, 0xEA, 0xED,
0xBD, 0x2D, 0x3C, 0xFF, 0x09, 0x7E, 0xDD, 0x0F, 0x7C, 0xF9, 0xC1, 0x7F, 0xFB, 0xBC, 0x1B, 0xFF,
0x57, 0x5F, 0x9F, 0xDF, 0x3E, 0xF0, 0x0A, 0x78, 0xAB, 0x5A, 0xF8, 0xC3, 0x87, 0x7A, 0xE9, 0x20,
0x89, 0xA0, 0x90, 0x00, 0x82, 0x5C, 0xD4, 0xD2, 0xF9, 0xFF, 0xBC, 0xE0, 0xF4, 0xAF, 0x90, 0xFF,
0x27, 0xC0, 0xFF, 0xC7, 0xD0, 0xFF, 0x5F, 0xAE, 0x76, 0xC6, 0x0B, 0x54, 0xC0, 0x18, 0x2B, 0x00,
0x5C, 0x6C, 0xAE, 0x51, 0xC0, 0xDF, 0x16, 0x7E, 0x14, 0xF8, 0xBD, 0x69, 0x80, 0x9C, 0x00, 0xFE,
0x9F, 0xBD, 0xB3, 0x69, 0x6D, 0x1B, 0x5B, 0xE3, 0x38, 0x84, 0xB9, 0xB9, 0x03, 0x77, 0xD6, 0x75,
0x16, 0x93, 0x7D, 0x02, 0xB3, 0x28, 0x25, 0x64, 0x71, 0x61, 0xE2, 0xC5, 0x7C, 0x81, 0x04, 0xB4,
0x94, 0x3F, 0x40, 0x31, 0x25, 0xF8, 0x0B, 0xC4, 0x64, 0xA5, 0x8D, 0x37, 0x22, 0x81, 0x2C, 0xE6,
0x03, 0x74, 0x97, 0x8D, 0x36, 0xAE, 0x21, 0x08, 0x84, 0x40, 0x20, 0x6F, 0x8A, 0x50, 0xBC, 0xB2,
0xD6, 0x71, 0x5C, 0x83, 0x5F, 0xC6, 0x8E, 0xDB, 0x99, 0xEB, 0xFA, 0x9E, 0x77, 0x1D, 0x9D, 0x23,
0x3B, 0xB1, 0x64, 0xCB, 0x2A, 0xED, 0xA3, 0x58, 0x99, 0x16, 0xE6, 0xE8, 0xF8, 0xFC, 0x7F, 0xCF,
0xFF, 0x79, 0xCE, 0x71, 0x9B, 0x16, 0x7E, 0x8F, 0xD1, 0xDF, 0xFE, 0x91, 0xFF, 0xC4, 0xFF, 0x91,
0xFE, 0x1F, 0x7A, 0xAB, 0x03, 0xD0, 0xFB, 0xC0, 0x11, 0x00, 0x46, 0xB4, 0x63, 0x96, 0xB9, 0x53,
0xE0, 0x1A, 0xC1, 0xAC, 0xCE, 0x83, 0xA4, 0x13, 0xE0, 0x8E, 0x1C, 0x9F, 0xDE, 0x7E, 0xEF, 0xFA,
0x63, 0xF1, 0x2F, 0x91, 0xFD, 0xEB, 0x77, 0xFD, 0x62, 0x82, 0xE8, 0xDF, 0xE9, 0xA4, 0x0C, 0x60,
0x08, 0x3E, 0xC9, 0xEB, 0xEC, 0xFD, 0x37, 0xFB, 0x46, 0x50, 0x6C, 0x00, 0xDF, 0xC4, 0xE8, 0xDF,
0xBA, 0x84, 0x2D, 0xD0, 0x77, 0x7C, 0x71, 0xFA, 0x57, 0x15, 0xE5, 0x6E, 0x56, 0x4C, 0x14, 0xB3,
0x3B, 0x45, 0xA9, 0xDE, 0x84, 0x04, 0xB4, 0x62, 0x08, 0x38, 0xCA, 0xBA, 0x11, 0x64, 0x0D, 0x00,
0x69, 0x00, 0x0F, 0x62, 0xF4, 0xEF, 0x5E, 0xFE, 0xF1, 0xF6, 0xBB, 0x37, 0x00, 0xA6, 0xFF, 0xA3,
0x7E, 0xD5, 0x4B, 0x06, 0x40, 0xEF, 0x46, 0x57, 0x78, 0x0F, 0xB8, 0xEC, 0xCA, 0x4B, 0xDD, 0x39,
0x60, 0x8D, 0x60, 0x36, 0x6D, 0x80, 0x74, 0x02, 0x14, 0xA3, 0xFF, 0x19, 0xDE, 0x04, 0x7D, 0xDF,
0x0E, 0x80, 0xF4, 0x3F, 0x03, 0xF9, 0xAF, 0x1B, 0xD3, 0x62, 0xC2, 0x98, 0x1A, 0x90, 0x80, 0xD0,
0x02, 0xCE, 0xBA, 0x31, 0xCB, 0xBD, 0x27, 0xB4, 0x01, 0x99, 0x16, 0x80, 0xDD, 0x13, 0x4F, 0x0E,
0xFD, 0xED, 0xF7, 0x1E, 0x58, 0x7C, 0x64, 0xFF, 0x8A, 0x61, 0xDC, 0xF4, 0x92, 0x02, 0xD0, 0x7B,
0x34, 0x0C, 0x05, 0x9B, 0x00, 0xA2, 0xE0, 0xAD, 0x2E, 0xAF, 0x76, 0xE7, 0x64, 0x37, 0xC3, 0x22,
0x20, 0x35, 0x00, 0x31, 0xFA, 0xDB, 0x3F, 0xF4, 0x27, 0xD9, 0x0F, 0xF5, 0xD7, 0x8D, 0xE4, 0x06,
0x00, 0x2D, 0x00, 0x7A, 0x00, 0x26, 0x00, 0xD9, 0x80, 0x1D, 0x43, 0xC0, 0x9B, 0xEC, 0xDA, 0x00,
0xF1, 0x04, 0xE0, 0x75, 0x47, 0x9E, 0x4F, 0xEB, 0xF2, 0x07, 0x00, 0xA1, 0x01, 0x00, 0xFD, 0xD5,
0x41, 0x62, 0xFD, 0x47, 0x03, 0x1B, 0x11, 0x10, 0x5A, 0xC0, 0xDB, 0x96, 0x0C, 0x80, 0xF5, 0xEB,
0x4E, 0x56, 0xA7, 0x01, 0x42, 0x03, 0xF0, 0xEA, 0x77, 0x59, 0xFF, 0xEE, 0xD9, 0x0F, 0xFD, 0x39,
0x03, 0x30, 0x0C, 0x7B, 0x5E, 0x4C, 0x11, 0x1F, 0x6C, 0xC1, 0x02, 0xCE, 0xBA, 0xF2, 0x9A, 0xB3,
0x0F, 0x05, 0x36, 0xDD, 0x06, 0x88, 0x05, 0xE0, 0x28, 0xA6, 0x00, 0x28, 0x97, 0xDF, 0x4C, 0x9C,
0x71, 0xB1, 0xE6, 0x71, 0xAB, 0x30, 0xB0, 0xFE, 0xF7, 0xE3, 0x34, 0x00, 0x8C, 0xEF, 0x6D, 0xD2,
0x06, 0x54, 0x09, 0x04, 0x8A, 0xB4, 0xE4, 0x56, 0x37, 0xA3, 0xBD, 0xA0, 0xA8, 0xFF, 0x01, 0x7C,
0xB8, 0x70, 0xD9, 0xDF, 0x90, 0xE8, 0x8B, 0x62, 0x7D, 0x00, 0xE8, 0x86, 0x6D, 0x07, 0x83, 0x34,
0x00, 0xF4, 0x03, 0xDB, 0xC6, 0x45, 0x80, 0x02, 0x70, 0x69, 0x4B, 0x8B, 0xEE, 0xE1, 0xBD, 0xE0,
0xC6, 0x09, 0xE0, 0x0B, 0x00, 0x68, 0x00, 0xF6, 0x2C, 0x39, 0xFF, 0x3F, 0x7D, 0xD3, 0xCA, 0xAF,
0x87, 0x83, 0x33, 0x02, 0x00, 0x31, 0x80, 0xC7, 0x62, 0xAA, 0x78, 0xE4, 0x2C, 0x80, 0xCC, 0xEA,
0x13, 0x4A, 0x3C, 0xFE, 0xCB, 0xB2, 0xF6, 0xB8, 0x36, 0x60, 0x53, 0x00, 0x48, 0x3B, 0x40, 0x4B,
0x8A, 0x4E, 0xF5, 0x2C, 0x87, 0x51, 0x4D, 0x11, 0xC9, 0x1F, 0x87, 0x1B, 0xC0, 0xA0, 0x35, 0x4F,
0x07, 0xC0, 0xBC, 0x15, 0xA8, 0x06, 0xF3, 0x00, 0x34, 0xA1, 0x6A, 0x47, 0x5E, 0xF9, 0x0C, 0xF6,
0x82, 0x82, 0xFE, 0x3F, 0xED, 0xCB, 0xB3, 0xF0, 0x94, 0x6F, 0x4B, 0x7B, 0x85, 0xBB, 0xD6, 0x47,
0x01, 0xD3, 0x1F, 0x15, 0x80, 0xD6, 0x34, 0x1D, 0x00, 0xD3, 0x16, 0x2A, 0x02, 0x8C, 0x00, 0xF8,
0x04, 0xC5, 0x93, 0x97, 0x7E, 0xF3, 0x45, 0x20, 0x5A, 0x00, 0x76, 0xF6, 0xE4, 0x49, 0x58, 0xF6,
0x37, 0x20, 0xFE, 0x22, 0xD1, 0x9F, 0x41, 0x21, 0xA1, 0x01, 0x00, 0x00, 0x26, 0xE9, 0x00, 0x18,
0x03, 0x00, 0x44, 0x0B, 0x38, 0xB3, 0xA1, 0xE4, 0xDC, 0x0B, 0xC6, 0xA6, 0x8B, 0x80, 0xD8, 0x01,
0xC6, 0x14, 0x80, 0x56, 0xBE, 0xD5, 0x97, 0xE4, 0x55, 0xB8, 0x88, 0x41, 0x21, 0x21, 0x04, 0x1C,
0x00, 0x36, 0xA8, 0x00, 0xAD, 0x7E, 0x3A, 0x00, 0xFA, 0x2D, 0x50, 0x03, 0x6C, 0x01, 0x80, 0xB3,
0x96, 0x90, 0xFF, 0xB0, 0x08, 0x6C, 0xD6, 0x02, 0xA4, 0x1D, 0x80, 0xE5, 0x4B, 0x00, 0x28, 0xD5,
0xFC, 0x85, 0x22, 0x84, 0xFE, 0x82, 0x10, 0xFF, 0x9F, 0x24, 0x0F, 0x05, 0xFE, 0x0F, 0x3A, 0x40,
0xA0, 0x7F, 0x67, 0x90, 0x0E, 0x80, 0x41, 0x07, 0x10, 0x00, 0xFA, 0x40, 0x54, 0x05, 0xD8, 0x54,
0x14, 0xBC, 0xE2, 0x3E, 0x7E, 0xF9, 0xE8, 0xB6, 0xD9, 0x22, 0x20, 0x14, 0x80, 0x82, 0x9C, 0xFF,
0x96, 0x91, 0x23, 0xD9, 0xF1, 0xB5, 0x44, 0x7A, 0x23, 0x26, 0x96, 0x61, 0xF0, 0x82, 0x4E, 0x81,
0x7B, 0x38, 0x06, 0x40, 0x0D, 0x82, 0x56, 0xB7, 0xD3, 0x4B, 0x07, 0x40, 0xAF, 0xD3, 0x25, 0x45,
0x40, 0xC7, 0xD3, 0xC0, 0x61, 0x50, 0xD9, 0x31, 0x05, 0xE8, 0x17, 0x85, 0x0D, 0x16, 0x01, 0xE9,
0x08, 0x48, 0x36, 0x80, 0x20, 0x4F, 0xEA, 0x57, 0x17, 0x68, 0x2F, 0x89, 0x7E, 0x73, 0x75, 0x75,
0x75, 0xB7, 0x98, 0x04, 0xD1, 0x08, 0x94, 0x55, 0x1C, 0x40, 0xBD, 0x87, 0x00, 0x8C, 0xD2, 0x01,
0x30, 0x82, 0x00, 0x04, 0xAA, 0xE0, 0x00, 0xD5, 0x6A, 0xCB, 0x0A, 0xF5, 0x27, 0x28, 0x6C, 0xF2,
0x38, 0x48, 0xD8, 0x01, 0x1C, 0xC6, 0xEC, 0x00, 0xF2, 0xA9, 0xBE, 0x24, 0xBD, 0xFE, 0x6E, 0x3E,
0x9B, 0x8D, 0x27, 0x93, 0x7E, 0x7F, 0x10, 0xE6, 0xE6, 0xA8, 0x87, 0xFE, 0x92, 0xFE, 0x78, 0x3A,
0x9B, 0x7F, 0x94, 0x31, 0x88, 0x40, 0xF0, 0xBC, 0x0F, 0x30, 0x07, 0xB0, 0x81, 0x03, 0x74, 0xBC,
0xB4, 0x00, 0x78, 0x1D, 0x00, 0x80, 0x2D, 0x3A, 0x40, 0xB5, 0xEA, 0x45, 0xE4, 0x87, 0x2F, 0xEF,
0x50, 0x20, 0x60, 0x63, 0x05, 0xE0, 0xD5, 0xB1, 0x2F, 0x85, 0x54, 0x39, 0xB7, 0x15, 0xBA, 0x7E,
0xA7, 0x2B, 0x77, 0xE0, 0xBB, 0x22, 0xE4, 0xFC, 0xCD, 0x1C, 0x08, 0x3F, 0xC0, 0x7A, 0xC8, 0xAA,
0x8C, 0xC2, 0x0F, 0x60, 0x26, 0xE3, 0xD9, 0xFC, 0xE6, 0x65, 0x95, 0x61, 0xC1, 0x0C, 0x74, 0x56,
0x01, 0x3C, 0x2B, 0x6D, 0x09, 0xF0, 0x3C, 0x66, 0x01, 0x91, 0xC7, 0xEB, 0xB2, 0x06, 0xC7, 0xAF,
0x36, 0x54, 0x04, 0xA4, 0x0F, 0x81, 0xE5, 0x67, 0x07, 0x8A, 0x52, 0xDD, 0xE2, 0x15, 0x16, 0x7C,
0xA2, 0xBB, 0x62, 0xF0, 0xE2, 0xDF, 0xCC, 0xA6, 0x93, 0x15, 0x9B, 0xB1, 0xC1, 0x64, 0xCA, 0x51,
0x10, 0xCF, 0x40, 0xEC, 0x4C, 0x30, 0x00, 0x06, 0x36, 0x00, 0x00, 0x40, 0xDA, 0x26, 0xD0, 0xA2,
0x00, 0x18, 0xF4, 0xD9, 0xE4, 0x41, 0x81, 0xA8, 0x81, 0x65, 0x6D, 0xEA, 0x83, 0x61, 0x6A, 0x00,
0x44, 0xFF, 0xD7, 0xB2, 0xFE, 0x9E, 0x52, 0xDD, 0x7E, 0xEE, 0xDF, 0xE8, 0x28, 0xFD, 0x85, 0x6A,
0xFF, 0x6E, 0x36, 0x4E, 0xAC, 0xC1, 0x60, 0x3C, 0xBB, 0x5A, 0xCE, 0xC0, 0x22, 0x07, 0x30, 0xB0,
0x03, 0x74, 0x3C, 0x2B, 0xED, 0x36, 0xD0, 0x42, 0x35, 0x80, 0x07, 0x80, 0xD2, 0xE7, 0xC9, 0x3A,
0xBC, 0x66, 0x04, 0xAC, 0x13, 0x00, 0xDE, 0x00, 0x80, 0xFE, 0x3B, 0x27, 0xF1, 0x05, 0x60, 0x8B,
0xF9, 0xCF, 0xD6, 0x5D, 0x89, 0xAA, 0xFF, 0x98, 0x42, 0x7C, 0x0E, 0x82, 0xC7, 0x18, 0x08, 0x16,
0xB9, 0x40, 0x04, 0x00, 0x0D, 0x00, 0x30, 0x4E, 0x79, 0x10, 0x04, 0x00, 0xD0, 0x62, 0x1D, 0x20,
0xA6, 0x08, 0x58, 0x27, 0x3B, 0xA4, 0x08, 0xAC, 0xD5, 0x02, 0xC4, 0x23, 0x80, 0xD8, 0x02, 0xB0,
0xBD, 0x92, 0x0F, 0x57, 0x85, 0x24, 0xBE, 0x41, 0xA4, 0x57, 0x61, 0xBC, 0x9B, 0xF6, 0x47, 0xC5,
0xB5, 0xC4, 0x68, 0x32, 0xFB, 0x88, 0x86, 0x8C, 0x6B, 0x0A, 0xF4, 0xB8, 0xDD, 0x26, 0x9C, 0x02,
0xD0, 0xBF, 0xEB, 0x79, 0x7E, 0xDA, 0xA3, 0x60, 0x1F, 0x34, 0x01, 0x90, 0x00, 0xDA, 0x05, 0x70,
0xCF, 0x0B, 0x64, 0x25, 0x0E, 0x36, 0xD0, 0x07, 0x86, 0x1D, 0xE0, 0xCF, 0x0B, 0x3A, 0x40, 0x4B,
0xDF, 0xA2, 0xFC, 0xB0, 0xEA, 0x1B, 0xBC, 0xEF, 0x43, 0xA5, 0xEC, 0x85, 0x3F, 0x87, 0x27, 0xB1,
0x15, 0x4F, 0x39, 0x06, 0x96, 0x20, 0x20, 0x00, 0x60, 0xF9, 0x69, 0x3F, 0x0C, 0xF2, 0xAD, 0x85,
0x00, 0xE8, 0xD6, 0x82, 0x3E, 0xF0, 0xE7, 0x75, 0xF6, 0x81, 0x62, 0x01, 0x88, 0xE9, 0x00, 0x8D,
0x2D, 0x66, 0xBF, 0xCE, 0xCA, 0x7E, 0x98, 0xFB, 0x57, 0xEB, 0x56, 0x9F, 0x30, 0x30, 0xBB, 0x59,
0xC4, 0xC0, 0x12, 0x00, 0x3E, 0xA5, 0x7B, 0x68, 0x77, 0x09, 0x00, 0x8A, 0x21, 0x6B, 0xF1, 0x66,
0xED, 0x45, 0x40, 0xE8, 0x00, 0xF7, 0xFC, 0xBA, 0x18, 0x9A, 0xBE, 0xCD, 0x20, 0xE5, 0xB9, 0x54,
0x2A, 0x21, 0x75, 0x54, 0x7B, 0x36, 0x29, 0x6E, 0x2A, 0x46, 0x93, 0x39, 0x7E, 0x88, 0x0A, 0x1E,
0x17, 0xBB, 0x4B, 0x24, 0x33, 0x2A, 0x41, 0xFD, 0x2B, 0xB0, 0x05, 0xF0, 0xEB, 0xA9, 0xBA, 0xC0,
0x7E, 0xDD, 0x87, 0x4D, 0x40, 0x05, 0x12, 0x50, 0x92, 0x9F, 0xD6, 0x91, 0xC4, 0xA8, 0xEF, 0xAD,
0xB9, 0x0F, 0x14, 0x0D, 0xE0, 0x48, 0x7A, 0xA2, 0xBF, 0x35, 0xE9, 0x59, 0xCD, 0x37, 0xA8, 0xFA,
0xC1, 0x9F, 0xE3, 0x5E, 0x71, 0xA3, 0x31, 0x98, 0x5E, 0x05, 0xF0, 0x41, 0x90, 0x01, 0x8A, 0x80,
0xA1, 0x1B, 0xDC, 0xA4, 0x42, 0x00, 0xBA, 0x08, 0x80, 0x54, 0x4D, 0xC0, 0x54, 0x04, 0x40, 0x40,
0x40, 0x4E, 0xC7, 0xA3, 0x35, 0x5B, 0x80, 0x78, 0x06, 0x58, 0x97, 0x1E, 0xA9, 0x6E, 0x4B, 0x7E,
0x9D, 0x97, 0xFF, 0x1E, 0x68, 0x12, 0xCC, 0x27, 0xC5, 0xCD, 0x07, 0xB0, 0x81, 0x00, 0x59, 0x8D,
0xBA, 0xC0, 0x05, 0x04, 0x07, 0x78, 0x4A, 0xF3, 0xB0, 0xA7, 0xE5, 0x0E, 0xA0, 0xAB, 0x72, 0x3E,
0xAE, 0xF7, 0x3C, 0x50, 0xE8, 0x00, 0x77, 0x4F, 0xA4, 0x07, 0x76, 0xB6, 0x6F, 0xFE, 0x38, 0xF9,
0xED, 0xD9, 0xA0, 0x98, 0x51, 0xF4, 0xE7, 0x2A, 0x66, 0x20, 0x16, 0x01, 0x0C, 0x80, 0x4A, 0x01,
0x70, 0x53, 0xD4, 0x80, 0xBE, 0x4B, 0x01, 0x50, 0xE3, 0x1D, 0x40, 0xF7, 0x40, 0x46, 0xF2, 0x57,
0xBD, 0x7E, 0xB2, 0xBB, 0xCE, 0x3E, 0x50, 0x28, 0x00, 0x07, 0x72, 0xCD, 0x29, 0x19, 0x5B, 0x8A,
0x12, 0x0A, 0xA4, 0x3D, 0x88, 0x0C, 0xE5, 0x47, 0x95, 0x60, 0x76, 0x0F, 0x9F, 0x4A, 0xDA, 0x81,
0xB0, 0x23, 0x60, 0xED, 0x08, 0x30, 0x80, 0x96, 0x06, 0xCF, 0xEB, 0xEB, 0x8D, 0x59, 0xF2, 0xC7,
0x7C, 0x86, 0x00, 0x58, 0x9E, 0x46, 0x2C, 0xA0, 0x24, 0x2F, 0x76, 0xA9, 0xEE, 0x46, 0xAE, 0x7A,
0xDD, 0x3D, 0x10, 0x8A, 0xC0, 0x1A, 0x3B, 0xC0, 0x57, 0xC7, 0xC2, 0xE3, 0xDC, 0xBA, 0x46, 0x6A,
0x60, 0x86, 0x17, 0x5B, 0x65, 0xDC, 0xF3, 0x43, 0x21, 0xEE, 0xA6, 0xBD, 0x62, 0xC6, 0x31, 0x98,
0x05, 0x0C, 0x01, 0x30, 0x13, 0x4E, 0x9B, 0x92, 0x4A, 0x2A, 0x80, 0xE6, 0x21, 0x07, 0xF0, 0x93,
0xFF, 0xD5, 0x30, 0x1F, 0x39, 0x00, 0x03, 0x00, 0x99, 0x80, 0xB0, 0x16, 0x1A, 0xD4, 0x1C, 0xA5,
0x22, 0x52, 0x1F, 0x5C, 0x64, 0x2B, 0xB8, 0x96, 0x3E, 0x50, 0xDC, 0x02, 0xCA, 0x15, 0x67, 0x5B,
0xD9, 0x6F, 0xA8, 0x68, 0xAB, 0x85, 0xE4, 0xBF, 0x9F, 0x65, 0x2E, 0x7F, 0x14, 0x01, 0x38, 0x1B,
0x9E, 0x00, 0x04, 0x40, 0xD0, 0x22, 0x00, 0x34, 0x12, 0xB7, 0x81, 0xB3, 0x06, 0x06, 0x00, 0xEE,
0x03, 0x03, 0xC8, 0x98, 0xE4, 0x00, 0x00, 0x01, 0x1F, 0xEB, 0xEE, 0xD6, 0xA9, 0x07, 0x58, 0xFB,
0x6B, 0xB3, 0x00, 0xD1, 0x00, 0xE4, 0x02, 0x10, 0x18, 0xDB, 0x49, 0x7F, 0x90, 0x73, 0x06, 0xC9,
0xFE, 0x20, 0x5B, 0xF3, 0x8F, 0xF6, 0x02, 0x0C, 0x81, 0xD0, 0x04, 0xC0, 0xE4, 0xC0, 0x17, 0xF8,
0x6D, 0xEA, 0x00, 0x8D, 0xA4, 0x16, 0x30, 0xF0, 0x09, 0x00, 0x15, 0x8D, 0xAF, 0x00, 0xC2, 0x72,
0x04, 0x75, 0xA4, 0x3D, 0xF9, 0x42, 0xAF, 0xC2, 0x9A, 0x2C, 0x40, 0x3A, 0x03, 0x72, 0xC5, 0xF0,
0x4B, 0x5B, 0x08, 0xB2, 0x15, 0x47, 0xEA, 0x57, 0x2A, 0xF3, 0x7E, 0x71, 0x8B, 0x31, 0xF9, 0x58,
0x61, 0x95, 0x80, 0x34, 0x04, 0x74, 0x72, 0x15, 0xE6, 0x00, 0xE6, 0x97, 0x64, 0x83, 0x7F, 0x31,
0x1B, 0x91, 0x12, 0x40, 0xFB, 0x0D, 0x21, 0x7C, 0x51, 0x95, 0xC6, 0x9B, 0x35, 0x59, 0x80, 0x60,
0x00, 0x05, 0x49, 0x7F, 0x57, 0xCD, 0x56, 0x7A, 0x83, 0x24, 0x3E, 0x95, 0x3F, 0xA8, 0x3C, 0x4E,
0x8A, 0xDB, 0x8D, 0xD1, 0xF8, 0xAE, 0xC2, 0x13, 0x10, 0xD2, 0xC9, 0x7A, 0x80, 0x86, 0x69, 0x26,
0x9A, 0xE5, 0xC4, 0x6C, 0x30, 0x00, 0xC2, 0x6E, 0xC3, 0x90, 0x56, 0x25, 0x90, 0x64, 0x39, 0x5E,
0x8F, 0x05, 0x08, 0x7F, 0x0C, 0x24, 0xC6, 0x00, 0xBC, 0xAD, 0xC9, 0x8F, 0xD3, 0xBF, 0xB5, 0x9D,
0xE2, 0x2F, 0x74, 0x6A, 0xB3, 0x20, 0x86, 0x00, 0xD6, 0x03, 0x80, 0xFC, 0x6C, 0x98, 0x5F, 0x93,
0xFC, 0x90, 0xA8, 0xAF, 0xC0, 0x00, 0x5C, 0x1F, 0x01, 0x50, 0x21, 0x0F, 0x88, 0x91, 0x1F, 0x84,
0xE7, 0xA2, 0x1E, 0xC0, 0xC5, 0xAF, 0x38, 0x0B, 0xF8, 0x77, 0x7A, 0x03, 0xD8, 0x89, 0x31, 0x80,
0xBA, 0x9A, 0xB1, 0xFE, 0x36, 0xF0, 0x57, 0x83, 0x73, 0xFF, 0x41, 0x31, 0x17, 0x31, 0xB9, 0x8A,
0x31, 0x81, 0xA8, 0x05, 0x24, 0x28, 0x02, 0x4F, 0xA6, 0x54, 0x01, 0xE2, 0x1D, 0xA0, 0xA4, 0xF2,
0x9A, 0xE0, 0x57, 0x61, 0x67, 0x87, 0x9D, 0x06, 0x25, 0x05, 0x40, 0x34, 0x80, 0x23, 0xB7, 0x21,
0x00, 0xA0, 0x65, 0x5E, 0xF8, 0x03, 0xA2, 0x7E, 0xA5, 0x52, 0xD1, 0xEE, 0xC7, 0xC5, 0xBC, 0xC4,
0x68, 0x0A, 0x66, 0x14, 0x41, 0x00, 0xCE, 0x51, 0xEB, 0xD6, 0x90, 0xFE, 0x10, 0x00, 0x67, 0xE5,
0x9D, 0xC0, 0xD4, 0x81, 0x00, 0x20, 0x02, 0x6A, 0x21, 0x01, 0xF1, 0x6D, 0x40, 0x8D, 0xAB, 0xFF,
0xE8, 0x16, 0x5A, 0x40, 0x8A, 0x22, 0x80, 0x00, 0xF8, 0x17, 0x6F, 0x00, 0x0D, 0xE1, 0x82, 0x1B,
0xDE, 0x6C, 0xAE, 0xC8, 0xCA, 0x22, 0xF9, 0xB5, 0xBC, 0xA4, 0x3F, 0xD9, 0x0F, 0xFC, 0x59, 0xA9,
0x54, 0xA2, 0x04, 0xC0, 0x49, 0xA2, 0x93, 0x20, 0xA0, 0x87, 0xD9, 0x74, 0x56, 0xC4, 0x75, 0xEC,
0x34, 0x89, 0xFE, 0xE8, 0x1C, 0x88, 0x8D, 0x6D, 0xC4, 0xAE, 0x4F, 0xA8, 0x0D, 0xBD, 0xA5, 0xB7,
0x00, 0xE1, 0x10, 0x18, 0x18, 0x80, 0xE8, 0x00, 0x5A, 0xE6, 0x7D, 0x7F, 0x2E, 0xD3, 0x3F, 0x34,
0x01, 0xDE, 0x03, 0x30, 0x00, 0x9C, 0x05, 0xAC, 0xD4, 0x08, 0x8E, 0x26, 0xE6, 0x0A, 0x06, 0x50,
0x2A, 0x69, 0x2E, 0x96, 0x3D, 0x64, 0x00, 0x7F, 0x26, 0x94, 0xE6, 0x40, 0x98, 0x33, 0x00, 0xA8,
0xFF, 0x5E, 0x88, 0x17, 0xAD, 0x36, 0x5B, 0x30, 0x00, 0x9A, 0xFE, 0xEF, 0x06, 0xC5, 0xDC, 0x45,
0xFF, 0x23, 0x4F, 0x40, 0xC0, 0x5B, 0x80, 0x0B, 0x2D, 0x60, 0x15, 0x0F, 0x18, 0x3B, 0x8E, 0x13,
0x6B, 0x00, 0x6A, 0xFC, 0x0A, 0x95, 0x5C, 0x4A, 0x00, 0xC3, 0xA0, 0xC0, 0xF5, 0x81, 0x49, 0x01,
0x88, 0x18, 0x40, 0x43, 0x0C, 0x4D, 0xCD, 0x32, 0xAE, 0xAF, 0xAF, 0x91, 0xF8, 0x60, 0x51, 0xB5,
0xEE, 0x6C, 0x94, 0x3F, 0xFD, 0x8B, 0xA3, 0x9E, 0x5D, 0x41, 0x75, 0x00, 0x4D, 0x15, 0x83, 0x5A,
0x2B, 0x5B, 0x56, 0x9D, 0xD4, 0x00, 0x67, 0xF8, 0xE2, 0x3E, 0x60, 0x7A, 0xEB, 0xC0, 0x0A, 0xD0,
0x80, 0xC7, 0x7A, 0x56, 0x19, 0x3A, 0x00, 0x18, 0xF7, 0xFA, 0x5A, 0x0D, 0x16, 0x2E, 0x4F, 0x4D,
0x92, 0x47, 0xB4, 0x80, 0x14, 0x5B, 0x00, 0xA8, 0x7F, 0x41, 0x7A, 0x40, 0x3D, 0x3B, 0xF1, 0x03,
0x35, 0xE0, 0xF4, 0xAF, 0xDD, 0x4D, 0x8A, 0x79, 0x8C, 0xD1, 0x5C, 0xAB, 0x68, 0xA8, 0x0E, 0x84,
0x93, 0xAD, 0xD1, 0x1A, 0x80, 0x09, 0x78, 0x7A, 0xD1, 0x6E, 0xB0, 0xF7, 0x34, 0x44, 0x06, 0x40,
0x2B, 0x40, 0x4D, 0x23, 0x5C, 0x2D, 0x5B, 0x23, 0x57, 0xD4, 0xE7, 0x38, 0xB4, 0x80, 0x44, 0x35,
0x40, 0x30, 0x80, 0x7D, 0x38, 0xA6, 0x4B, 0x6F, 0x6E, 0xD6, 0x06, 0x40, 0x57, 0xB4, 0xA5, 0x69,
0xE5, 0xF9, 0x20, 0x97, 0xFA, 0xF7, 0xE6, 0x38, 0x53, 0x17, 0x59, 0x80, 0x09, 0x44, 0xBD, 0xFD,
0xE7, 0x05, 0xEC, 0x4E, 0xFE, 0x41, 0xFA, 0xD3, 0x0A, 0xC0, 0x19, 0xC0, 0x12, 0x07, 0x50, 0x35,
0xAA, 0x0F, 0xD3, 0x68, 0x3F, 0x95, 0x05, 0x08, 0x06, 0xF0, 0xCB, 0x31, 0x1C, 0xD7, 0xA4, 0x37,
0x48, 0xE7, 0x75, 0x26, 0x81, 0xCE, 0x58, 0xC0, 0x77, 0x62, 0xFE, 0x60, 0x41, 0x73, 0x69, 0xFF,
0x30, 0xFF, 0xAD, 0x32, 0xD4, 0x0A, 0x31, 0x10, 0x4E, 0xB8, 0xEC, 0x59, 0xE7, 0xB4, 0x0D, 0x74,
0x86, 0xB7, 0xC3, 0xE1, 0x97, 0x67, 0xF0, 0xED, 0x7D, 0x19, 0x0E, 0x6F, 0x6F, 0x79, 0x00, 0xCA,
0x78, 0x50, 0xB4, 0x16, 0x4B, 0x56, 0xCA, 0x25, 0xFA, 0x30, 0xA1, 0x8E, 0x7F, 0x49, 0x63, 0x01,
0x82, 0x01, 0x1C, 0x80, 0x31, 0xCD, 0x06, 0x7F, 0xD3, 0xB2, 0xD2, 0xFF, 0x9A, 0xD3, 0xBF, 0x56,
0xEE, 0x8E, 0x8B, 0xF9, 0xD4, 0xFF, 0xC9, 0xB2, 0x4E, 0x79, 0x00, 0xAE, 0xE9, 0x8C, 0x4F, 0x39,
0x0B, 0xB8, 0x05, 0x04, 0x38, 0x9F, 0x97, 0xFD, 0xC3, 0x91, 0x9F, 0x1D, 0x5E, 0xFF, 0x3A, 0x19,
0x94, 0xEA, 0xBF, 0x0C, 0x80, 0x1A, 0xD5, 0x86, 0x8A, 0x64, 0x1E, 0xA4, 0xB0, 0x00, 0xE1, 0x10,
0x70, 0xF7, 0x18, 0x0F, 0x8A, 0x07, 0x87, 0xF7, 0x7A, 0x46, 0xFA, 0xC3, 0x2F, 0x2E, 0xFD, 0x93,
0xFD, 0xDC, 0xF5, 0x2C, 0xF4, 0xE7, 0x93, 0x95, 0x02, 0x20, 0x13, 0x00, 0xE4, 0x85, 0x08, 0x2C,
0x78, 0x17, 0x7D, 0x28, 0xFF, 0xF0, 0x16, 0x17, 0x00, 0xD4, 0x01, 0x9E, 0x33, 0xA8, 0x9E, 0x33,
0x00, 0x68, 0x01, 0x26, 0xF3, 0x67, 0xF4, 0xED, 0x78, 0x97, 0x9D, 0x05, 0xAC, 0x6C, 0x01, 0xC2,
0xC7, 0x80, 0x87, 0x4C, 0x7F, 0xCA, 0x80, 0x96, 0xB1, 0xFF, 0x43, 0xFD, 0xBD, 0xF2, 0xD5, 0x20,
0xAF, 0xFA, 0x13, 0xB7, 0xAE, 0x85, 0x00, 0x10, 0x02, 0xBC, 0x72, 0x19, 0xEE, 0x04, 0x19, 0x01,
0x50, 0xE2, 0xF6, 0xF0, 0xEB, 0x54, 0x64, 0x60, 0xD4, 0x9F, 0x7E, 0x1D, 0xA2, 0x08, 0xF5, 0x17,
0x0B, 0xC0, 0x72, 0x00, 0xB4, 0x06, 0x67, 0xD2, 0xE8, 0xFB, 0x61, 0xE2, 0x0F, 0x05, 0x05, 0x03,
0xD8, 0xF9, 0xCD, 0x14, 0x22, 0x93, 0x0E, 0xA0, 0xC2, 0x02, 0x66, 0x12, 0x48, 0xA5, 0x79, 0x2F,
0xAF, 0xFA, 0x03, 0xBD, 0x1E, 0x7C, 0xBE, 0x08, 0x84, 0xF3, 0x2E, 0x9F, 0x9E, 0x02, 0x00, 0x1E,
0x10, 0x00, 0x4D, 0xDC, 0x07, 0x0C, 0xDB, 0xEF, 0xDB, 0xED, 0xBF, 0x9E, 0x3E, 0x8F, 0xE9, 0x3F,
0x1F, 0x3F, 0xFE, 0xFC, 0xF4, 0x57, 0xBB, 0x0D, 0xC0, 0x40, 0xF2, 0x13, 0x00, 0x1E, 0x00, 0x00,
0xA7, 0x91, 0x11, 0x9F, 0x59, 0x2F, 0x57, 0x54, 0xE9, 0xB7, 0x9D, 0xA4, 0x16, 0x10, 0x35, 0x80,
0x9F, 0x5E, 0x8B, 0x23, 0x9B, 0xDE, 0x75, 0x65, 0xF3, 0x17, 0xB7, 0x8C, 0x20, 0x91, 0x4E, 0xCF,
0x73, 0xDA, 0xFE, 0x81, 0x6D, 0x1B, 0xD2, 0xCB, 0xF7, 0x25, 0x00, 0x2A, 0x78, 0xE6, 0x16, 0x21,
0x00, 0xED, 0x05, 0x71, 0x19, 0x18, 0xB6, 0x61, 0xBC, 0xA7, 0x01, 0x7F, 0x81, 0xD3, 0x7F, 0x88,
0x4F, 0x00, 0xB0, 0xFE, 0xC2, 0x80, 0xD7, 0xCB, 0xD7, 0xEB, 0x54, 0x10, 0xA9, 0xD1, 0x78, 0x9D,
0xD0, 0x02, 0x84, 0x3F, 0x07, 0xB0, 0x73, 0x04, 0x47, 0x33, 0xC9, 0x0D, 0xBD, 0xB2, 0xCC, 0x7F,
0x8D, 0xE4, 0xD1, 0xB4, 0x98, 0x57, 0xFD, 0x9B, 0x2C, 0x61, 0x63, 0x00, 0xC0, 0x5D, 0x00, 0x25,
0x00, 0x55, 0x81, 0x5B, 0xEC, 0xF5, 0xED, 0xE1, 0x7B, 0x78, 0x23, 0xD2, 0x13, 0xF7, 0x07, 0xF2,
0x33, 0xFD, 0xCF, 0x45, 0xFD, 0x9F, 0x89, 0x06, 0x27, 0x11, 0x0A, 0x72, 0x18, 0xB4, 0xB2, 0x05,
0x44, 0x0D, 0x60, 0xB7, 0x40, 0x80, 0x0A, 0xD9, 0xB2, 0xAE, 0xB3, 0xCD, 0xFF, 0x7C, 0xEB, 0x8F,
0x0F, 0xED, 0x62, 0x1D, 0x80, 0xBA, 0x97, 0x75, 0xC1, 0x08, 0x40, 0x26, 0xE0, 0x0C, 0xC3, 0x68,
0xFF, 0xAF, 0x2D, 0xEA, 0xEF, 0xF2, 0xF9, 0x1F, 0x02, 0xF0, 0xDC, 0x65, 0x45, 0xF2, 0x1F, 0xDE,
0x0A, 0x89, 0x2C, 0x40, 0x34, 0x80, 0x7D, 0x34, 0xA0, 0xC3, 0x0D, 0x1E, 0x79, 0x8F, 0x9B, 0x0B,
0xA4, 0x7D, 0x0D, 0x56, 0xFF, 0x73, 0x2B, 0xBF, 0xFA, 0xD3, 0x4D, 0xDB, 0x03, 0x6E, 0xDA, 0x6B,
0x4C, 0x34, 0x8D, 0x9F, 0x3F, 0x04, 0x00, 0xF5, 0x01, 0x88, 0x80, 0xE1, 0x2D, 0x93, 0x1F, 0x7D,
0x11, 0xF3, 0x77, 0x1C, 0x6C, 0xDD, 0x2E, 0x33, 0x00, 0x6E, 0xB8, 0x17, 0x04, 0x91, 0xC7, 0x61,
0xB7, 0x7D, 0xC1, 0x02, 0x12, 0x7D, 0x0C, 0xB4, 0x7B, 0x0C, 0x06, 0x73, 0x4C, 0x74, 0xC3, 0x97,
0x9F, 0x89, 0xFA, 0x4C, 0x7F, 0x0F, 0xAC, 0xDF, 0x38, 0xAF, 0xFA, 0xFF, 0x0D, 0xB6, 0x6D, 0x4D,
0x0C, 0x80, 0x2F, 0x00, 0x40, 0x09, 0xF0, 0xD0, 0x3B, 0x40, 0x04, 0x84, 0x08, 0x84, 0x95, 0x80,
0x25, 0x3F, 0x4A, 0x7F, 0x24, 0x3F, 0xD3, 0xDF, 0xA3, 0xA3, 0xBD, 0x0C, 0x81, 0x3A, 0x56, 0x89,
0xC8, 0xEF, 0x98, 0xCD, 0xE3, 0xFF, 0x24, 0xF9, 0x48, 0x48, 0x38, 0x04, 0x3A, 0x34, 0x9B, 0x11,
0xAA, 0x4C, 0x47, 0xCB, 0x42, 0xFE, 0x48, 0xFE, 0xE7, 0x58, 0x7F, 0x04, 0x00, 0x2C, 0x01, 0x0F,
0xFE, 0xF9, 0x79, 0x39, 0x9A, 0xB1, 0xBC, 0x07, 0x9C, 0x03, 0x02, 0x90, 0x09, 0x20, 0x6F, 0x76,
0x68, 0x0C, 0xD9, 0x7F, 0x91, 0xEC, 0x87, 0x28, 0x01, 0xFD, 0xCF, 0x57, 0xCF, 0x7F, 0xF0, 0x3C,
0x22, 0xBC, 0xC3, 0x08, 0x38, 0x4C, 0x70, 0x18, 0x24, 0x9C, 0x02, 0xEF, 0x1E, 0xF1, 0xF2, 0xC3,
0xC1, 0xEB, 0x99, 0xFA, 0xBF, 0x97, 0x7B, 0xFD, 0xE9, 0xAE, 0x4D, 0x34, 0x00, 0x9E, 0x00, 0xF0,
0x2E, 0x42, 0x13, 0x20, 0xDD, 0x94, 0xD3, 0xA4, 0xD2, 0x37, 0x9B, 0xB4, 0x6F, 0x27, 0xF2, 0x5B,
0xE7, 0x91, 0xFC, 0xAF, 0xBC, 0x94, 0x01, 0x37, 0x22, 0x15, 0x6C, 0x03, 0x77, 0x57, 0x3F, 0x0F,
0x16, 0x0E, 0x81, 0x0A, 0xCD, 0x26, 0x40, 0x1C, 0x02, 0x0A, 0x2E, 0x74, 0xF3, 0xB4, 0x4C, 0x02,
0xE4, 0x0D, 0x88, 0xD3, 0xF3, 0x0B, 0x3F, 0xB7, 0xF5, 0xFF, 0xEF, 0x36, 0x02, 0x00, 0x95, 0x00,
0xE0, 0x00, 0x17, 0x40, 0x35, 0xFC, 0x81, 0x40, 0xDC, 0xFB, 0xF0, 0x2F, 0xFC, 0x87, 0x07, 0x56,
0x06, 0x40, 0x21, 0x30, 0x9B, 0x60, 0x69, 0x4D, 0x28, 0x7F, 0xD3, 0x6C, 0x9A, 0x26, 0xB3, 0x7F,
0x38, 0xD2, 0x85, 0x05, 0x87, 0x2A, 0xD7, 0x6A, 0xAB, 0xAD, 0x59, 0xB9, 0xC9, 0x4B, 0x05, 0x1C,
0xA0, 0xB9, 0x7A, 0x1B, 0x28, 0x9E, 0x02, 0xEF, 0xC3, 0xF9, 0xC1, 0xF7, 0xE8, 0xC0, 0x3B, 0x18,
0xB3, 0x01, 0x98, 0xDC, 0xE8, 0xC5, 0xAF, 0x9B, 0x95, 0x6F, 0xFD, 0xDB, 0xC3, 0xB0, 0x05, 0x78,
0xB8, 0xB8, 0x38, 0x8D, 0xD5, 0x0C, 0xBD, 0x13, 0x68, 0x01, 0x17, 0x14, 0x01, 0x97, 0x9C, 0xA8,
0xFE, 0x9F, 0xBA, 0xF3, 0x77, 0x6D, 0xA3, 0x49, 0xE3, 0x78, 0x75, 0x4E, 0x61, 0x0E, 0xAE, 0x8A,
0xDD, 0xE8, 0x0F, 0x30, 0x98, 0x60, 0x78, 0xC3, 0xDB, 0x06, 0xB7, 0xAA, 0x54, 0x09, 0xA3, 0x46,
0x85, 0xDD, 0xA9, 0xD0, 0x3F, 0x60, 0x54, 0x09, 0xAE, 0x49, 0x21, 0xB8, 0xF2, 0x6D, 0x04, 0xC6,
0x6C, 0xB7, 0x9D, 0xC0, 0xB8, 0x31, 0x58, 0xB7, 0x32, 0x64, 0xD9, 0xC2, 0x87, 0x39, 0xB6, 0xD8,
0x52, 0x48, 0x6F, 0xEE, 0xB5, 0x90, 0xAC, 0xD8, 0xB2, 0x6C, 0x27, 0xF6, 0xCD, 0xEF, 0x9D, 0x79,
0xF6, 0x87, 0x76, 0x57, 0x3B, 0x4B, 0xF2, 0x6C, 0xEC, 0x28, 0xB6, 0x34, 0xCC, 0xCC, 0xE7, 0xFB,
0xFC, 0x98, 0xD1, 0x68, 0xE3, 0x57, 0xEC, 0xE7, 0xD4, 0xFB, 0x39, 0xFE, 0x66, 0x05, 0xF2, 0x4F,
0x38, 0x75, 0xE7, 0xB6, 0xA8, 0xD6, 0x28, 0xB6, 0x12, 0xD8, 0x0C, 0x4A, 0x1D, 0x00, 0x36, 0x7E,
0xB7, 0x6D, 0x2A, 0x01, 0x9B, 0x48, 0xD6, 0xB6, 0x2F, 0x0B, 0x0A, 0x00, 0xDC, 0xFF, 0x7F, 0xFC,
0xEC, 0xFC, 0x45, 0x00, 0xB8, 0x0C, 0x17, 0x00, 0xD3, 0x32, 0xCE, 0x65, 0x54, 0x02, 0x5C, 0x03,
0x2C, 0x19, 0xB0, 0xB7, 0x70, 0x29, 0x7D, 0xE2, 0xFD, 0xCD, 0xCB, 0x46, 0xE5, 0x3F, 0xE9, 0xFD,
0x1F, 0xC9, 0xA4, 0x49, 0x61, 0x5D, 0x88, 0xBF, 0x7E, 0xDF, 0x48, 0x1B, 0x02, 0xC0, 0x1A, 0x70,
0xE7, 0x8A, 0xA6, 0x2A, 0x3F, 0x5F, 0x69, 0x8F, 0xFC, 0x9F, 0x69, 0xD9, 0x84, 0x0C, 0x4D, 0xD8,
0xF8, 0xED, 0xA7, 0xE5, 0x6F, 0x78, 0x3C, 0x03, 0x90, 0x1A, 0x90, 0xF8, 0x6D, 0xA5, 0xD1, 0x60,
0x03, 0x90, 0xC6, 0x82, 0xF8, 0xE3, 0xD1, 0xE0, 0x32, 0xA0, 0x85, 0x46, 0x84, 0xAD, 0xFB, 0x05,
0x9C, 0xE0, 0xA0, 0xF4, 0xC7, 0x67, 0xE8, 0x09, 0xAD, 0x26, 0x6E, 0x88, 0x8A, 0x49, 0x34, 0x95,
0x74, 0xF6, 0xEC, 0x2B, 0x60, 0x3B, 0x29, 0x57, 0x82, 0x81, 0x12, 0x90, 0xC0, 0xB7, 0xE9, 0x37,
0x7C, 0x9D, 0x15, 0xC3, 0x1F, 0x4F, 0x19, 0x8A, 0x99, 0xE3, 0xC5, 0xFC, 0xE7, 0xE6, 0x6F, 0xF2,
0x0A, 0xA0, 0xA5, 0x0A, 0x40, 0x19, 0x0D, 0x8E, 0x00, 0x58, 0xCF, 0x38, 0xA0, 0x71, 0x09, 0x90,
0x48, 0xD0, 0xA5, 0x97, 0xF8, 0x01, 0xC6, 0x8F, 0x6A, 0xC9, 0x4B, 0x59, 0x49, 0xE9, 0xC2, 0xC0,
0x58, 0x80, 0xA2, 0xD7, 0x55, 0xDA, 0x32, 0x50, 0x64, 0x00, 0x7A, 0x43, 0x88, 0x2D, 0x82, 0x9E,
0x37, 0x86, 0xBF, 0x35, 0x0A, 0xE3, 0x8F, 0xFD, 0xFF, 0xEB, 0xED, 0xAF, 0xC0, 0xFF, 0x7C, 0x1C,
0x1A, 0x00, 0x24, 0x05, 0xB0, 0x20, 0x70, 0x49, 0x2A, 0x01, 0x59, 0x03, 0x63, 0x05, 0x3E, 0xF7,
0xFE, 0xCC, 0xFC, 0xFF, 0x59, 0xB9, 0x82, 0x0A, 0xD8, 0xE2, 0x2B, 0xC1, 0x64, 0x39, 0x00, 0x96,
0x80, 0x2C, 0xFC, 0xDB, 0x3C, 0x0E, 0x9C, 0x17, 0xE9, 0xFF, 0xAD, 0xBF, 0x66, 0xBF, 0x0E, 0xFF,
0xCB, 0x0A, 0x79, 0xF3, 0x4E, 0xA5, 0xF6, 0xF9, 0xB3, 0x1A, 0x04, 0xD0, 0x73, 0x2E, 0xF1, 0x7A,
0x80, 0x44, 0x82, 0x96, 0xC4, 0x9E, 0xFE, 0x0C, 0x65, 0x7F, 0xE0, 0xFE, 0xA9, 0xCB, 0x80, 0x73,
0x9F, 0x17, 0xFD, 0x53, 0xDA, 0x48, 0x53, 0x06, 0xC2, 0x5D, 0xC0, 0x5D, 0x98, 0x52, 0x5A, 0x9F,
0x75, 0x5A, 0x83, 0x18, 0xCE, 0x96, 0x08, 0x7F, 0x67, 0x7C, 0x33, 0xFD, 0x69, 0xF9, 0xFB, 0x05,
0x00, 0x49, 0x00, 0xE3, 0x0E, 0x76, 0x5E, 0x56, 0xBC, 0xFB, 0xD9, 0x9B, 0x0D, 0x88, 0x8D, 0x0A,
0x0F, 0x8B, 0x18, 0xF1, 0xF5, 0xB3, 0xCE, 0x59, 0x0B, 0xA5, 0xFC, 0x33, 0xFA, 0x88, 0xB9, 0x3F,
0xB1, 0x8A, 0x68, 0x46, 0x12, 0x42, 0x52, 0xEB, 0x00, 0x60, 0xF6, 0xEE, 0x46, 0x9A, 0xDD, 0x40,
0xBE, 0x0B, 0xC8, 0x4A, 0xC0, 0xED, 0x40, 0x4D, 0xD1, 0x28, 0x90, 0xFF, 0xF8, 0xFE, 0x97, 0xE0,
0x7F, 0x1E, 0xCD, 0x5F, 0x16, 0x40, 0xA3, 0xC2, 0x24, 0x70, 0x49, 0xAE, 0x1B, 0xCA, 0x9C, 0x4A,
0x00, 0x45, 0x00, 0xF6, 0x63, 0x15, 0x7F, 0x86, 0xD9, 0x6E, 0x40, 0x64, 0xF6, 0x76, 0x9A, 0xDD,
0x40, 0x50, 0x02, 0x96, 0x20, 0xFF, 0xB1, 0x7E, 0xFE, 0x0D, 0x32, 0x4B, 0x37, 0x88, 0xBF, 0xAE,
0x05, 0xE0, 0x7C, 0x7A, 0xBF, 0x7C, 0x5A, 0x3C, 0xBF, 0x7C, 0x9B, 0x50, 0xF3, 0xBE, 0xBD, 0x3C,
0x2F, 0x9E, 0x96, 0xF7, 0x09, 0x6F, 0x2D, 0xAB, 0xF2, 0xB7, 0x42, 0xF8, 0x87, 0x05, 0x00, 0x59,
0x02, 0xCC, 0x08, 0xF0, 0x4B, 0xFA, 0xC8, 0x77, 0xFE, 0xB5, 0xF0, 0x23, 0xFB, 0x02, 0x99, 0x95,
0x40, 0x19, 0x98, 0x66, 0x13, 0x20, 0x90, 0x01, 0x9A, 0x05, 0xF1, 0xC7, 0xF9, 0x51, 0xC7, 0x02,
0x60, 0x86, 0x0F, 0xDF, 0xF4, 0x11, 0xF4, 0xFE, 0xA4, 0xCF, 0x6D, 0x82, 0x1F, 0x4E, 0xC8, 0x0F,
0x5F, 0x16, 0xCB, 0x95, 0x37, 0x1A, 0x0C, 0xE7, 0x4F, 0x7C, 0x17, 0x80, 0x6B, 0x04, 0xAC, 0x52,
0x01, 0x1A, 0x40, 0x0B, 0x43, 0xE6, 0xF8, 0x01, 0xFA, 0x19, 0xF9, 0x7F, 0x6E, 0x42, 0x66, 0xBB,
0x29, 0xB6, 0x02, 0x40, 0x09, 0xB8, 0x0D, 0xDB, 0xBA, 0x68, 0x68, 0x34, 0x31, 0x3B, 0xB4, 0x3C,
0xFA, 0xDF, 0x2C, 0x77, 0xF8, 0x4F, 0x2F, 0xC4, 0xE3, 0x31, 0xFC, 0x89, 0x74, 0xF1, 0x7F, 0xF5,
0x69, 0x40, 0x78, 0x79, 0x8A, 0xBB, 0xC7, 0x38, 0xE6, 0x6F, 0x0C, 0x3C, 0x72, 0x76, 0x17, 0x0B,
0xA0, 0xDB, 0xA5, 0x55, 0x1C, 0x27, 0xE8, 0x53, 0xAC, 0x84, 0x99, 0x0C, 0xBF, 0xD5, 0x6C, 0x35,
0x15, 0x53, 0x9E, 0x99, 0x79, 0x1E, 0x95, 0x1C, 0x80, 0x7A, 0x69, 0x6E, 0x27, 0xDE, 0x0D, 0x7C,
0x17, 0xC8, 0x00, 0xA6, 0x7A, 0x8D, 0x8B, 0xE3, 0x3F, 0xCE, 0xF7, 0xF3, 0x3F, 0xD3, 0xE5, 0x0B,
0x67, 0x4F, 0xBE, 0x8C, 0x89, 0xA1, 0x58, 0xDF, 0xE8, 0xFB, 0x52, 0x40, 0x22, 0x88, 0x3A, 0xB9,
0x4B, 0xF8, 0x7B, 0xAB, 0xF9, 0x57, 0xE2, 0x8C, 0x67, 0x80, 0x66, 0x25, 0x02, 0xFE, 0x1A, 0xF8,
0x1B, 0x8D, 0x31, 0xA0, 0x16, 0xC8, 0x01, 0xEF, 0x12, 0x6E, 0x02, 0x84, 0x64, 0x80, 0x8A, 0x6E,
0xFE, 0x15, 0xCE, 0xBF, 0xFB, 0x23, 0x7F, 0xFA, 0x2C, 0xEA, 0x8B, 0x83, 0x78, 0x48, 0x03, 0x93,
0x3B, 0xFC, 0x8D, 0xFD, 0x4D, 0x65, 0xD0, 0x67, 0x09, 0xE1, 0x65, 0x39, 0x4B, 0xCC, 0xFF, 0x66,
0x05, 0xFF, 0x66, 0xF3, 0xBF, 0x61, 0x94, 0x23, 0x6D, 0xBD, 0x99, 0x8C, 0xC8, 0x01, 0x09, 0xB6,
0x02, 0x82, 0x19, 0x40, 0xD5, 0xD2, 0x45, 0x71, 0x01, 0xE0, 0x6B, 0x6E, 0x05, 0xC0, 0xED, 0xE3,
0x8B, 0x80, 0x6F, 0x30, 0xFA, 0xDF, 0xFB, 0x77, 0xC6, 0x77, 0x03, 0x1F, 0xCA, 0x33, 0xF0, 0x99,
0x3C, 0xFC, 0x18, 0x3D, 0xE4, 0xB1, 0x60, 0x62, 0x90, 0x1C, 0xD1, 0x9F, 0xBC, 0xDE, 0xCF, 0x43,
0xF8, 0xDF, 0x49, 0xFC, 0xBF, 0x04, 0xFD, 0xBF, 0x02, 0xF0, 0x13, 0xF2, 0x6F, 0xB3, 0xAF, 0xCD,
0xC4, 0x12, 0x58, 0x77, 0x2A, 0x2F, 0x60, 0x08, 0xD8, 0x4E, 0xB8, 0x15, 0x00, 0x37, 0x01, 0x4A,
0x26, 0xB0, 0x71, 0x45, 0x9B, 0x49, 0x4B, 0x64, 0xEC, 0xFF, 0x37, 0x79, 0x15, 0x00, 0xB3, 0xE5,
0x77, 0x86, 0x1F, 0x61, 0xC5, 0x1E, 0xFE, 0x9D, 0x7A, 0x3F, 0xFE, 0x83, 0xA1, 0x7B, 0xF8, 0x2F,
0x6F, 0xE0, 0xB1, 0x7F, 0xF2, 0x30, 0x60, 0xB0, 0x8A, 0xE0, 0xBB, 0xF2, 0x51, 0xAE, 0xDB, 0xE7,
0x3E, 0xCE, 0xFF, 0x5E, 0x0F, 0xEF, 0x00, 0xD9, 0xCE, 0x45, 0x97, 0x27, 0x80, 0x96, 0x92, 0xC8,
0x9B, 0xC0, 0x5A, 0xAD, 0x3F, 0x6E, 0x3F, 0x4D, 0x61, 0xC2, 0x8F, 0xB0, 0x1C, 0xE6, 0x72, 0x0C,
0xB9, 0x25, 0xCD, 0x01, 0x81, 0x0C, 0x00, 0x1B, 0x6A, 0x16, 0xC5, 0xBF, 0x9B, 0xD3, 0x0E, 0xC0,
0xC3, 0x42, 0xD4, 0xFB, 0x8C, 0xBB, 0x37, 0x18, 0xE0, 0x83, 0xB8, 0x9E, 0x74, 0x1A, 0xEF, 0x8E,
0x1C, 0xCC, 0x25, 0xC7, 0xB4, 0xEF, 0x88, 0x0E, 0x44, 0x2E, 0xC0, 0x99, 0xC0, 0x58, 0x4C, 0x41,
0xFC, 0x8F, 0xE5, 0x1F, 0xC0, 0x8F, 0x7F, 0xFD, 0x86, 0x03, 0xC9, 0x0F, 0x20, 0x14, 0x4D, 0xF4,
0xF1, 0x64, 0x42, 0x6E, 0x49, 0x73, 0x00, 0xCC, 0x00, 0xB0, 0x1D, 0x47, 0x7B, 0x00, 0x60, 0xF5,
0x5F, 0x77, 0x91, 0x0F, 0xFE, 0x57, 0xEA, 0xFC, 0x13, 0x16, 0xF9, 0x91, 0xA3, 0x7B, 0xE4, 0xF3,
0x17, 0x88, 0x77, 0x0F, 0x19, 0xFD, 0x8E, 0x1F, 0xE0, 0x87, 0x77, 0xFE, 0x79, 0x7D, 0xCF, 0x90,
0x44, 0x30, 0x99, 0x3C, 0x4F, 0xE5, 0xFA, 0xBF, 0x17, 0xCF, 0xBF, 0x12, 0xC0, 0x7F, 0xF6, 0x07,
0x5D, 0x59, 0xFE, 0xAB, 0x15, 0x23, 0x81, 0x5C, 0x67, 0xD3, 0x56, 0xB9, 0xA1, 0x75, 0x40, 0xA2,
0x1C, 0xB0, 0x3A, 0x03, 0x34, 0x75, 0x1A, 0x9E, 0x9D, 0x0E, 0xC1, 0x6F, 0xE5, 0x92, 0x00, 0xA6,
0xCF, 0xBC, 0xEA, 0xA7, 0xFC, 0x3D, 0x83, 0xC2, 0xBD, 0x43, 0x08, 0x7B, 0x66, 0x88, 0xA1, 0x1F,
0x7B, 0xEC, 0x03, 0x1B, 0xDE, 0x40, 0x2E, 0x09, 0xFB, 0x7D, 0x9C, 0x08, 0x6E, 0x5F, 0x99, 0xFF,
0xA3, 0x17, 0xBB, 0xB6, 0xE3, 0x58, 0x16, 0x7D, 0x17, 0xAF, 0xD3, 0x09, 0xE1, 0x4A, 0xB7, 0xF9,
0x3A, 0x64, 0x3C, 0x7C, 0x3F, 0x63, 0x7A, 0x29, 0x9E, 0xDD, 0x6A, 0x69, 0x9D, 0xCA, 0xB8, 0x1C,
0x10, 0xB3, 0x1D, 0xBC, 0x3A, 0x03, 0x68, 0xA4, 0x2F, 0xF1, 0xEF, 0x5A, 0x39, 0x24, 0x80, 0xD9,
0x93, 0xC0, 0x2F, 0x3E, 0x7B, 0xD3, 0x8B, 0x42, 0x2F, 0x1B, 0x0E, 0x05, 0x9E, 0xFC, 0xB9, 0x1D,
0x9A, 0x40, 0x9E, 0x66, 0x7E, 0xFC, 0x0F, 0xE5, 0x2F, 0x16, 0xF5, 0x2D, 0x7A, 0x31, 0xFC, 0x9D,
0xB6, 0x7F, 0x57, 0x88, 0x1F, 0x63, 0x59, 0x01, 0xAD, 0xA6, 0x36, 0x15, 0xB4, 0xCC, 0x9E, 0x72,
0xDD, 0x25, 0xCB, 0x01, 0x20, 0x03, 0xBC, 0xEF, 0x81, 0x66, 0x6C, 0xBD, 0x01, 0xA0, 0xC9, 0x1C,
0xA6, 0x6B, 0xAD, 0x9F, 0x00, 0xE6, 0x4B, 0x43, 0xC6, 0x4F, 0x3F, 0x79, 0xE5, 0xC3, 0x77, 0x5D,
0x76, 0x16, 0x93, 0x1B, 0xFE, 0x97, 0xEB, 0xBA, 0x52, 0x2C, 0xE8, 0x11, 0x09, 0x0C, 0x94, 0xBD,
0x82, 0x01, 0x75, 0x7F, 0x94, 0x00, 0x54, 0xFE, 0xCD, 0x50, 0xFF, 0xA7, 0xA3, 0x91, 0xF7, 0x33,
0xE7, 0xFF, 0x16, 0x0A, 0x68, 0xEA, 0x0D, 0x01, 0x6A, 0x0E, 0x40, 0x7D, 0x7E, 0x9F, 0x24, 0x07,
0x80, 0x5D, 0xA0, 0x1D, 0xB3, 0x57, 0x58, 0x06, 0x90, 0x03, 0x80, 0xB5, 0xCE, 0xFF, 0xB0, 0xC0,
0x82, 0xED, 0x0B, 0x5B, 0xF7, 0x71, 0xFC, 0x3E, 0x7C, 0x57, 0x80, 0x77, 0x14, 0x13, 0x42, 0x70,
0x85, 0x08, 0x78, 0x20, 0x20, 0xA1, 0x60, 0x30, 0x20, 0xD1, 0x9F, 0xF1, 0xBF, 0x08, 0xC4, 0xFF,
0x56, 0x13, 0xFA, 0x3F, 0xF9, 0x7D, 0x55, 0xB9, 0x2B, 0xCC, 0x03, 0x7D, 0xF7, 0xD7, 0x8F, 0x01,
0x85, 0xE4, 0x00, 0xEC, 0xBC, 0x3B, 0x09, 0xDE, 0x0F, 0x80, 0x19, 0xE0, 0x63, 0x0F, 0x58, 0x4B,
0xAB, 0x75, 0x3A, 0x6D, 0x1C, 0xFE, 0xBB, 0x96, 0xF5, 0x63, 0x6D, 0xF7, 0x47, 0xF8, 0x4F, 0xB9,
0xFB, 0x7B, 0x14, 0x5C, 0x8F, 0x7A, 0xBE, 0xEB, 0xDA, 0x02, 0xFF, 0x05, 0xBE, 0x2C, 0xCB, 0x22,
0x0F, 0xB8, 0x04, 0x6C, 0x97, 0x45, 0x02, 0x16, 0x05, 0x06, 0xA4, 0x76, 0x40, 0xCB, 0xC4, 0xC1,
0x80, 0x09, 0x00, 0xB5, 0x80, 0xFD, 0x9F, 0x94, 0x80, 0xED, 0x76, 0x27, 0x7C, 0x30, 0xED, 0x36,
0x49, 0x66, 0x5D, 0x70, 0x57, 0xA0, 0x37, 0x5A, 0x38, 0xB6, 0x3B, 0x1D, 0xBD, 0x93, 0xD9, 0x82,
0xEC, 0x3E, 0x26, 0xC8, 0x01, 0x20, 0x03, 0x6C, 0xEC, 0x82, 0x36, 0x5C, 0x96, 0xB7, 0x72, 0xBF,
0xFC, 0x39, 0xC3, 0xFC, 0x2F, 0xFE, 0x5C, 0xF3, 0x10, 0xD0, 0x03, 0xDF, 0xF7, 0x21, 0x7E, 0xCB,
0xB1, 0x11, 0xFA, 0x1C, 0xBD, 0x15, 0x61, 0x5C, 0x06, 0x92, 0x06, 0xEE, 0x58, 0x5D, 0xC8, 0x55,
0xE4, 0x46, 0xF1, 0xF7, 0x47, 0x82, 0xB5, 0x4C, 0xC5, 0x5C, 0x83, 0xEF, 0x67, 0xDD, 0x5E, 0xAA,
0x0A, 0x68, 0xEA, 0x9A, 0x52, 0x17, 0xC0, 0xDB, 0xDD, 0x58, 0x9D, 0x03, 0x40, 0x06, 0xD8, 0xEB,
0x99, 0x6A, 0x1B, 0x96, 0x3F, 0x42, 0xAD, 0x01, 0x60, 0xCD, 0x0A, 0xF0, 0xB1, 0x2F, 0xBC, 0x1F,
0xE3, 0x17, 0xF4, 0x19, 0x7C, 0x01, 0xBB, 0x0B, 0x4C, 0x52, 0x01, 0x14, 0x01, 0x33, 0xD2, 0x8E,
0xBD, 0xDA, 0xFF, 0x05, 0xFF, 0x94, 0x49, 0xDD, 0x59, 0x00, 0x00, 0x20, 0x00, 0x49, 0x44, 0x41,
0x54, 0x6E, 0xF0, 0xAE, 0x60, 0x8F, 0xF1, 0x91, 0x23, 0x2F, 0x6B, 0x5A, 0x30, 0x04, 0x6C, 0xAF,
0xCC, 0x01, 0x81, 0x45, 0x20, 0x6C, 0xA2, 0xAD, 0x49, 0xB1, 0x3C, 0x00, 0x30, 0xFE, 0xEB, 0x55,
0x80, 0xB7, 0x0B, 0x91, 0xFD, 0x7D, 0xFC, 0xD4, 0xF7, 0x39, 0xFC, 0x6E, 0xAC, 0xC9, 0x22, 0x90,
0xCA, 0x42, 0x5E, 0x3C, 0x12, 0xFC, 0xA1, 0xFC, 0x83, 0xFE, 0x5F, 0x0E, 0x79, 0x3F, 0x7B, 0xFE,
0x17, 0x78, 0xAD, 0xA6, 0x08, 0x30, 0x06, 0xF0, 0xBC, 0xD5, 0x0B, 0xC1, 0x40, 0x06, 0xF0, 0x54,
0xEB, 0x69, 0x73, 0x7D, 0x6C, 0x68, 0xCE, 0xAA, 0x64, 0xFA, 0x9D, 0xE9, 0xBA, 0xD5, 0xDF, 0xA9,
0xCF, 0x9F, 0x0B, 0xC0, 0xA6, 0x7E, 0xCB, 0xF8, 0x47, 0x4B, 0xC0, 0xF2, 0x23, 0x01, 0x0B, 0x03,
0x01, 0xFE, 0x42, 0x00, 0x55, 0x12, 0xC8, 0xA9, 0x49, 0x03, 0x21, 0xF4, 0xAB, 0xA4, 0xB1, 0xD0,
0xBB, 0x02, 0x3E, 0xF0, 0x57, 0xB7, 0xDB, 0xFE, 0x4B, 0x75, 0x14, 0x01, 0x00, 0xDF, 0xEA, 0x1C,
0x00, 0x32, 0xC0, 0x3F, 0x60, 0x0B, 0xB6, 0x4E, 0x01, 0x08, 0xFE, 0xF6, 0x5A, 0x1F, 0x03, 0xB8,
0x37, 0x64, 0xF7, 0x97, 0xF0, 0x47, 0x39, 0x7F, 0x95, 0x58, 0x6C, 0x18, 0xA0, 0x55, 0x21, 0x2F,
0x1F, 0x39, 0xFE, 0x48, 0xFE, 0x1D, 0xCE, 0xBF, 0x1E, 0x71, 0x9E, 0x65, 0x21, 0x14, 0xD0, 0xD1,
0xA9, 0x00, 0x5B, 0xF5, 0x5E, 0xCF, 0x7B, 0xBF, 0x2A, 0x07, 0x80, 0x0C, 0xB0, 0x03, 0xF8, 0x7B,
0x5D, 0xAD, 0x01, 0x80, 0xE6, 0x4C, 0xCB, 0x3A, 0x5F, 0x67, 0x0F, 0xF0, 0x71, 0x42, 0xFD, 0xDF,
0x30, 0xC2, 0xF0, 0x43, 0xEE, 0xEA, 0xA1, 0xEC, 0x80, 0x12, 0x64, 0x0D, 0x88, 0x95, 0x83, 0xE5,
0xF3, 0x6F, 0xC7, 0xF3, 0xB7, 0xA2, 0xCE, 0x33, 0x4D, 0x69, 0x13, 0x7E, 0x03, 0x7A, 0xE6, 0xB5,
0x0B, 0xE2, 0xB7, 0xB7, 0x6A, 0x21, 0x18, 0x58, 0x04, 0x42, 0x01, 0x74, 0x8A, 0x08, 0x00, 0xCE,
0x72, 0x0D, 0xFE, 0x4B, 0x5E, 0xFC, 0xB3, 0x35, 0x3B, 0xC2, 0xAF, 0x52, 0x63, 0xEC, 0x39, 0xF3,
0xB6, 0x64, 0x92, 0x0E, 0x02, 0x75, 0x21, 0xDB, 0x29, 0x90, 0x82, 0x48, 0x75, 0x25, 0xFF, 0x7A,
0xF4, 0x5D, 0x61, 0xDF, 0x80, 0x02, 0x34, 0xCD, 0x2B, 0xC0, 0xC7, 0x77, 0x83, 0x23, 0x17, 0x82,
0x20, 0x03, 0x04, 0x4A, 0x00, 0xB3, 0xA3, 0xC5, 0xE8, 0xF4, 0x33, 0xFA, 0x8E, 0xB3, 0x4E, 0x00,
0x78, 0x92, 0xD2, 0x3F, 0xE3, 0xEF, 0xDA, 0x10, 0x9D, 0x14, 0xF8, 0xC3, 0x8C, 0xFE, 0x3A, 0x08,
0x5F, 0xD6, 0x00, 0x6B, 0x82, 0x4B, 0x47, 0x1A, 0x06, 0x1D, 0x08, 0x7E, 0xA9, 0x13, 0x73, 0x57,
0xE0, 0x29, 0xD5, 0x24, 0x6E, 0x44, 0x6A, 0x21, 0x77, 0x33, 0x43, 0x8B, 0x80, 0xE8, 0x10, 0x00,
0x04, 0xB0, 0x05, 0x03, 0x80, 0xA3, 0x51, 0x00, 0x55, 0x2E, 0x00, 0x7B, 0x8D, 0x3D, 0xA0, 0x05,
0x5D, 0xFD, 0x51, 0xFE, 0x01, 0xFC, 0x2A, 0xFB, 0x76, 0x84, 0xA9, 0x25, 0x81, 0xB2, 0x3F, 0xE0,
0x28, 0xAB, 0x47, 0xA9, 0x89, 0x30, 0xFE, 0xFB, 0xB1, 0x77, 0x85, 0x7E, 0x23, 0xAD, 0xF9, 0xAD,
0xE8, 0x99, 0x59, 0x07, 0x12, 0x8C, 0x2F, 0x02, 0xDE, 0xAD, 0x2C, 0x01, 0x8A, 0x08, 0x00, 0x17,
0x99, 0x03, 0xC0, 0xFC, 0x59, 0x8E, 0xFF, 0x6C, 0xC7, 0x06, 0xE2, 0x8F, 0x85, 0xAF, 0x88, 0x20,
0xB8, 0x3B, 0xA0, 0xE2, 0x57, 0xF8, 0xFB, 0xAF, 0x4C, 0xE0, 0xFF, 0x85, 0x85, 0x80, 0x2E, 0x24,
0xB8, 0x13, 0xBB, 0x10, 0x94, 0x3F, 0x10, 0x82, 0xF8, 0x6F, 0x96, 0x06, 0xAA, 0x79, 0x6D, 0x2D,
0x46, 0x66, 0xBB, 0x56, 0x43, 0xD3, 0x86, 0x61, 0xB9, 0xCB, 0x35, 0xFC, 0xFF, 0xC4, 0xAF, 0xFF,
0x46, 0x84, 0xBF, 0x2B, 0xC2, 0x36, 0xA1, 0x56, 0x43, 0x56, 0x4D, 0x68, 0xF8, 0xB9, 0xA1, 0x0A,
0x60, 0x0D, 0xF9, 0xCF, 0x14, 0x61, 0x83, 0x0E, 0x83, 0xE8, 0xF8, 0x78, 0xD5, 0x5D, 0xE1, 0x9F,
0x48, 0xD7, 0x2C, 0xDC, 0x54, 0x35, 0x91, 0x28, 0x33, 0x99, 0x07, 0x08, 0x96, 0xF8, 0x42, 0x30,
0xF4, 0x03, 0x22, 0x20, 0x03, 0x6C, 0xEE, 0x02, 0x01, 0x98, 0xFA, 0xF8, 0x57, 0x6B, 0xCC, 0xFF,
0x5D, 0x7B, 0x96, 0x3D, 0xFF, 0x9F, 0xD0, 0xF8, 0xCF, 0xFC, 0x3F, 0x0C, 0x7F, 0x35, 0x95, 0x49,
0x1A, 0x20, 0x5C, 0xF9, 0x23, 0xB5, 0xA1, 0x30, 0xFE, 0xCE, 0xCA, 0xFF, 0x15, 0x60, 0x6A, 0xBB,
0x2C, 0x0B, 0xE8, 0x14, 0x80, 0x09, 0x10, 0xC6, 0x17, 0x01, 0x40, 0x00, 0xEF, 0x81, 0x7C, 0x06,
0x4E, 0x11, 0x01, 0xE0, 0x29, 0x8F, 0xFA, 0x5F, 0x76, 0xFF, 0x30, 0x9F, 0x55, 0xE8, 0x01, 0x29,
0x06, 0x35, 0x50, 0x53, 0x37, 0x08, 0x40, 0x4B, 0x99, 0xFC, 0x1F, 0xC7, 0x2B, 0x10, 0x02, 0xB4,
0x4C, 0xAE, 0x03, 0x10, 0x8E, 0xFE, 0x1E, 0x23, 0x00, 0x51, 0x02, 0xB0, 0x45, 0xE0, 0x1E, 0x78,
0xF1, 0xC0, 0x2A, 0x20, 0x00, 0xB8, 0xD3, 0xCC, 0xEB, 0xFF, 0x13, 0x99, 0xBF, 0xE4, 0xFE, 0xE1,
0xF8, 0x57, 0xF5, 0x08, 0x8A, 0x40, 0x32, 0xD8, 0x4C, 0x06, 0xFF, 0xC7, 0xDB, 0x81, 0x6E, 0x01,
0x21, 0xC0, 0x82, 0x0C, 0xF7, 0xE4, 0x85, 0x20, 0x28, 0x02, 0x40, 0x09, 0xB0, 0x01, 0x4B, 0x80,
0x41, 0xCA, 0x00, 0x9A, 0x3C, 0xCC, 0xD6, 0x68, 0xD9, 0x84, 0xF0, 0xBB, 0x59, 0xDF, 0x05, 0xB8,
0x47, 0xEB, 0xBF, 0x53, 0x55, 0x00, 0xAE, 0x5C, 0xFF, 0x45, 0x12, 0x8C, 0xE9, 0x95, 0x62, 0xBE,
0xFB, 0xC3, 0x96, 0xFC, 0x67, 0xB0, 0xC5, 0xC2, 0x71, 0xB2, 0xFF, 0x15, 0xE6, 0x95, 0x74, 0x91,
0x74, 0xAF, 0x56, 0x4B, 0x9D, 0x9E, 0x12, 0xCE, 0x2E, 0x64, 0x18, 0x57, 0x04, 0xC0, 0x12, 0xE0,
0x03, 0x0C, 0x1F, 0x55, 0x7D, 0x02, 0xB0, 0x98, 0xFF, 0xBB, 0x19, 0xDF, 0x06, 0x9C, 0x1A, 0x12,
0xFF, 0x5E, 0xCF, 0x95, 0xE2, 0xBF, 0x98, 0xE0, 0xC4, 0xF4, 0xA3, 0x34, 0x50, 0x0B, 0x0D, 0x05,
0xBE, 0x44, 0x18, 0x7F, 0x37, 0x19, 0xFF, 0x4F, 0xF7, 0x2E, 0x8B, 0x01, 0x56, 0xB7, 0xA6, 0x4D,
0x01, 0x23, 0x05, 0xA1, 0x31, 0xF8, 0xB8, 0x19, 0x9D, 0x03, 0xA0, 0x00, 0x60, 0x09, 0xE0, 0xEA,
0x0F, 0x00, 0xE6, 0x9F, 0x19, 0x17, 0x80, 0x2F, 0x82, 0xBF, 0x27, 0xF1, 0x0F, 0xE2, 0xCF, 0xD0,
0xB9, 0x78, 0xFC, 0x52, 0x00, 0x48, 0xE7, 0xFF, 0xA8, 0xD3, 0x67, 0x42, 0x00, 0xFA, 0x42, 0x80,
0xEB, 0xF3, 0x1B, 0x22, 0xE7, 0xB8, 0x1E, 0xAC, 0x10, 0x80, 0xB4, 0x0B, 0xB0, 0x85, 0xF4, 0xA2,
0x5C, 0x4E, 0x01, 0x01, 0xE0, 0x71, 0xAD, 0x0D, 0x20, 0xF6, 0x81, 0x0D, 0x99, 0xBF, 0x12, 0xB5,
0xB3, 0xF6, 0x2F, 0x06, 0xBF, 0x9A, 0x00, 0x9C, 0x84, 0xF9, 0x9F, 0x95, 0xAD, 0x05, 0x84, 0x00,
0xA5, 0x0A, 0xC4, 0x12, 0xD8, 0x02, 0x3B, 0x01, 0xD1, 0x25, 0xC0, 0x8E, 0x61, 0x0C, 0x95, 0xAB,
0x5C, 0xCB, 0xDF, 0x70, 0x5A, 0x2D, 0xA3, 0x19, 0xA8, 0x13, 0xFE, 0xE6, 0x55, 0xB6, 0x83, 0x40,
0x8F, 0x27, 0x27, 0x38, 0x00, 0x5C, 0xE3, 0x04, 0x30, 0x1A, 0x09, 0x01, 0xD4, 0xB1, 0x02, 0xCA,
0xE5, 0x72, 0x78, 0xFA, 0x4E, 0xD5, 0xC7, 0x6E, 0x60, 0x21, 0xA0, 0xFC, 0xB6, 0xCC, 0xC7, 0xE0,
0x1C, 0x25, 0xE7, 0xFF, 0x69, 0x86, 0x97, 0x2A, 0xB4, 0x9F, 0xB4, 0x93, 0x1A, 0x26, 0xB8, 0x2C,
0x4E, 0xB3, 0xA2, 0xD9, 0x41, 0x10, 0xAF, 0x77, 0x22, 0x8B, 0x00, 0x98, 0x01, 0x4A, 0xE8, 0xE9,
0xCA, 0x71, 0xD8, 0x9A, 0x1E, 0x01, 0x90, 0xC9, 0xA3, 0xFE, 0x6F, 0x66, 0x2B, 0x01, 0x1F, 0x26,
0x90, 0xBF, 0x13, 0xE4, 0x9F, 0x83, 0x52, 0xC3, 0x1A, 0x02, 0xFC, 0xDD, 0x45, 0x1A, 0x09, 0x2F,
0x4C, 0x11, 0xAA, 0x48, 0x37, 0x75, 0xCC, 0xB0, 0x38, 0xD3, 0x3C, 0xA4, 0x3C, 0x4B, 0x91, 0x3B,
0x01, 0x81, 0x1A, 0x90, 0xBF, 0x8A, 0x5D, 0xA6, 0xAE, 0x00, 0x50, 0x16, 0x01, 0x60, 0x94, 0xE9,
0xD3, 0xE0, 0xF3, 0x6F, 0x61, 0xFC, 0xEB, 0xF5, 0x1C, 0xF1, 0xAF, 0x1E, 0x01, 0xE5, 0x7F, 0x95,
0xEE, 0x86, 0x66, 0xF7, 0x23, 0xFD, 0x21, 0xC0, 0xE4, 0xF8, 0xE9, 0x5F, 0xDE, 0x87, 0xCD, 0xA4,
0x02, 0xF0, 0x98, 0x66, 0xAE, 0xD9, 0xD7, 0x91, 0xC6, 0x00, 0xC0, 0x04, 0x70, 0x96, 0xE9, 0xD3,
0xC0, 0xCB, 0x13, 0x5C, 0x00, 0x40, 0xFE, 0xB2, 0xFB, 0xD7, 0xB4, 0xF2, 0x97, 0x86, 0xB0, 0x48,
0x97, 0xC2, 0xE6, 0xE7, 0x42, 0x00, 0xDA, 0x42, 0x80, 0x2B, 0x47, 0x00, 0xC4, 0x73, 0x37, 0x4A,
0x00, 0xE0, 0xDE, 0x80, 0x9B, 0x5B, 0x98, 0xFA, 0x35, 0xBA, 0x86, 0xEC, 0xCB, 0x29, 0xE7, 0x6F,
0x64, 0xE0, 0x75, 0xA7, 0x4E, 0x13, 0xC0, 0x28, 0xD3, 0xDB, 0x00, 0x53, 0x9C, 0x00, 0x4E, 0x89,
0x00, 0x10, 0x7F, 0x2C, 0x80, 0x63, 0x07, 0xB7, 0x58, 0xAF, 0x93, 0xF6, 0xA9, 0x0E, 0x74, 0x19,
0x6D, 0xBE, 0x4E, 0x86, 0x70, 0xEC, 0xA6, 0xBE, 0xA1, 0xE1, 0x13, 0x16, 0x2C, 0xE9, 0x6E, 0x9D,
0x4D, 0x46, 0xEE, 0xE6, 0xF8, 0x3E, 0x4C, 0xFF, 0x6C, 0x45, 0x9C, 0x09, 0x80, 0xC7, 0x01, 0xF7,
0xD8, 0x0B, 0x85, 0x69, 0x99, 0xBE, 0xB2, 0x45, 0x67, 0xEF, 0x18, 0x1F, 0xBD, 0x1C, 0x4D, 0x33,
0xAD, 0x00, 0x51, 0x00, 0x38, 0x25, 0x2B, 0x80, 0x11, 0x0D, 0x00, 0x74, 0x42, 0xEB, 0xBC, 0x7D,
0xAD, 0x46, 0xA1, 0x31, 0xFE, 0x8B, 0xD4, 0x25, 0xEC, 0x03, 0xEB, 0x30, 0xE9, 0xAF, 0x55, 0xD6,
0xA2, 0x00, 0x51, 0x01, 0x32, 0x9A, 0x7B, 0x11, 0x07, 0x03, 0x83, 0x35, 0xE0, 0x35, 0x7D, 0x25,
0xBB, 0x06, 0x7A, 0xE6, 0x0F, 0xCF, 0x1E, 0x5E, 0x3C, 0xE3, 0x00, 0xF0, 0x9A, 0x31, 0x01, 0x9C,
0x46, 0xF2, 0xD7, 0xEB, 0xFE, 0x5C, 0x61, 0x34, 0x00, 0x5C, 0x65, 0xB9, 0xA1, 0xE9, 0x19, 0x0B,
0x01, 0x3C, 0x5E, 0xE9, 0x12, 0x00, 0x89, 0xE2, 0x94, 0x66, 0x29, 0x22, 0x07, 0x40, 0x01, 0x7C,
0x14, 0xAF, 0xA2, 0x5F, 0xA3, 0x9F, 0x33, 0x03, 0xCC, 0xF8, 0x0A, 0x80, 0x17, 0x00, 0x2A, 0xFF,
0x72, 0x81, 0x01, 0x20, 0xCB, 0xDB, 0x98, 0x4B, 0x56, 0xB4, 0x68, 0xCC, 0x01, 0x23, 0x69, 0x21,
0x88, 0x51, 0xC6, 0x09, 0xE0, 0x6F, 0xF2, 0x7B, 0xC1, 0xD7, 0xAA, 0x69, 0x10, 0x40, 0x9D, 0x9A,
0xB3, 0x8F, 0xE6, 0xE0, 0x00, 0xF9, 0x6F, 0x96, 0x0C, 0xB0, 0x20, 0x5B, 0x00, 0xD7, 0x68, 0x6C,
0x38, 0x00, 0x1C, 0x60, 0x05, 0xEC, 0x3B, 0x75, 0x6E, 0x9A, 0xF9, 0xD7, 0xC5, 0x08, 0x50, 0x04,
0x3B, 0xCC, 0xA0, 0xDF, 0xF9, 0x14, 0xF5, 0xFA, 0x40, 0xEE, 0xB3, 0x06, 0x01, 0xA8, 0x1C, 0xFB,
0xBB, 0x2B, 0x04, 0x40, 0x6B, 0xC0, 0x8D, 0x4D, 0x03, 0x08, 0xC0, 0x2D, 0xD7, 0x73, 0xBE, 0xCA,
0xD2, 0xEC, 0x21, 0xFF, 0x1F, 0xDD, 0x64, 0xAD, 0x00, 0x71, 0x00, 0x18, 0x0E, 0x42, 0xF9, 0xD7,
0xF5, 0x5E, 0xF2, 0x08, 0x0E, 0x32, 0x85, 0x80, 0x2F, 0x7E, 0xDC, 0xA2, 0x5D, 0xCE, 0x7D, 0x96,
0x5D, 0x00, 0xD2, 0xD8, 0x44, 0x45, 0x80, 0xFC, 0x86, 0x60, 0xF8, 0x69, 0xA0, 0x2D, 0xF0, 0xB2,
0x6B, 0x47, 0x97, 0x03, 0x91, 0xE9, 0x3B, 0x40, 0x02, 0xC8, 0x92, 0x01, 0x9E, 0x59, 0x00, 0xC0,
0xFC, 0x47, 0x05, 0xFB, 0x7F, 0x59, 0x15, 0x80, 0x39, 0xCA, 0x72, 0x94, 0xE1, 0x89, 0x09, 0x80,
0x77, 0x3B, 0xFF, 0x4E, 0xEE, 0x03, 0x90, 0xFD, 0xAD, 0xD0, 0xBD, 0x40, 0x58, 0x02, 0xEC, 0x41,
0x01, 0xD4, 0x75, 0xD8, 0x3E, 0xB2, 0xE3, 0x63, 0xF7, 0xC8, 0x44, 0x19, 0x60, 0x98, 0x61, 0x17,
0xE8, 0xE1, 0xE4, 0x64, 0x42, 0x05, 0x80, 0x32, 0xC0, 0x81, 0x79, 0x88, 0x66, 0xF2, 0xF8, 0x18,
0xB5, 0x59, 0x2F, 0xCC, 0xE8, 0x00, 0xDC, 0xA3, 0x43, 0x34, 0x02, 0x2F, 0x43, 0x0E, 0xBB, 0xC7,
0x1D, 0x3F, 0x3C, 0x72, 0x49, 0xB7, 0xF5, 0xF4, 0x1B, 0xF0, 0xBF, 0xDE, 0x0B, 0xCD, 0x01, 0x50,
0x00, 0xBF, 0x01, 0xFE, 0x43, 0x0D, 0x3D, 0x73, 0xF8, 0xF4, 0x1D, 0x22, 0xFF, 0x1F, 0x5E, 0x65,
0xD8, 0x05, 0x7A, 0xE5, 0x01, 0x80, 0x54, 0x00, 0x68, 0x1E, 0xC5, 0x44, 0x3A, 0x85, 0xE0, 0x17,
0x23, 0x38, 0x42, 0x23, 0x18, 0x0D, 0x33, 0xEC, 0x64, 0xCF, 0x4D, 0xD4, 0x75, 0x93, 0x77, 0x5C,
0x4B, 0xB7, 0x41, 0x32, 0x37, 0x7E, 0x4B, 0x24, 0x80, 0x12, 0xAC, 0x01, 0x35, 0xFA, 0x0F, 0x71,
0x9F, 0x2C, 0xB3, 0xF7, 0x20, 0x2A, 0x40, 0xE6, 0x47, 0x3A, 0x1D, 0x29, 0x36, 0x02, 0x10, 0x09,
0x0F, 0x8D, 0x0C, 0x21, 0x60, 0x41, 0xBA, 0xCE, 0x05, 0xA0, 0xC3, 0x86, 0x00, 0x65, 0x29, 0x52,
0x00, 0xD2, 0x71, 0xB0, 0xCD, 0x0F, 0x05, 0x08, 0x80, 0xFB, 0x0F, 0xCD, 0x00, 0x8F, 0x59, 0x2A,
0x80, 0x53, 0x29, 0x01, 0x14, 0xEE, 0xFF, 0xD2, 0x08, 0x88, 0x84, 0x87, 0xD7, 0x19, 0x44, 0xFC,
0x38, 0xA4, 0xB1, 0x4B, 0x5F, 0x04, 0x00, 0xCB, 0x00, 0x43, 0x7E, 0x37, 0x40, 0x54, 0x81, 0xF2,
0x79, 0x40, 0xBC, 0x0F, 0xB8, 0xB9, 0xDB, 0x57, 0xED, 0x60, 0x5F, 0x8B, 0xA1, 0xB9, 0x3B, 0x3A,
0x3C, 0xC4, 0xE1, 0x73, 0x98, 0xBE, 0x86, 0x9E, 0x9D, 0xC8, 0x19, 0x00, 0x45, 0x00, 0x9E, 0x4A,
0x8B, 0xB4, 0xFF, 0xB3, 0x77, 0xF6, 0xAC, 0x8D, 0x73, 0x59, 0x1C, 0x4F, 0xB1, 0xF0, 0xC0, 0xC6,
0x59, 0xA6, 0x18, 0x78, 0xB6, 0x49, 0x33, 0x30, 0x45, 0x60, 0x71, 0x02, 0xE1, 0x21, 0xE9, 0x9C,
0x59, 0x48, 0xAA, 0xFD, 0x00, 0x51, 0x63, 0xC6, 0x4E, 0xEC, 0xE4, 0x1B, 0x2C, 0x36, 0xF9, 0x36,
0xC6, 0x4C, 0x35, 0x85, 0x04, 0xAB, 0xC6, 0x2E, 0x62, 0x5C, 0x3C, 0xD5, 0x14, 0xC1, 0x95, 0x61,
0x11, 0xB6, 0x30, 0xAE, 0x32, 0x38, 0xEF, 0x2F, 0x93, 0x21, 0xEC, 0x7D, 0x93, 0xAC, 0x7B, 0xE4,
0x19, 0xFB, 0x68, 0xEE, 0x91, 0x5C, 0xEC, 0x51, 0xD2, 0x45, 0x8A, 0xCE, 0x39, 0xBF, 0xFB, 0x3F,
0xE7, 0xDE, 0x2B, 0xD9, 0x22, 0xFD, 0x2A, 0xFF, 0x17, 0x9F, 0xF0, 0x4E, 0x4C, 0xC4, 0xCD, 0x1F,
0x09, 0xF9, 0xE2, 0xD7, 0xFB, 0x62, 0xFC, 0x0E, 0x0F, 0x41, 0x2A, 0xFF, 0xB1, 0xAA, 0xBA, 0xC0,
0xE8, 0x73, 0x81, 0x70, 0x21, 0x78, 0xF5, 0xA2, 0x3B, 0xD4, 0x8E, 0x63, 0xF3, 0xA1, 0x63, 0xCD,
0xB3, 0x04, 0x80, 0xAF, 0x01, 0x7C, 0x4A, 0x30, 0x09, 0x7C, 0xD6, 0xF3, 0x2F, 0x63, 0xC8, 0x8E,
0x2F, 0x69, 0x25, 0x5F, 0x78, 0x20, 0x00, 0x18, 0x4B, 0x00, 0xBA, 0x09, 0x66, 0x32, 0x7F, 0xF2,
0xBB, 0xFF, 0x8F, 0xA0, 0x97, 0x5D, 0x8E, 0xE0, 0xDE, 0x8F, 0xF5, 0x54, 0x36, 0xBB, 0xAB, 0x33,
0x16, 0x83, 0x61, 0x0B, 0xF0, 0x3B, 0xFB, 0x53, 0xCD, 0xCE, 0x08, 0xA2, 0xF7, 0x45, 0x46, 0x4F,
0x14, 0x80, 0x11, 0x7E, 0x0E, 0x75, 0xD9, 0x8D, 0x54, 0x00, 0x3E, 0x86, 0x94, 0x00, 0x7C, 0xF9,
0xF0, 0x25, 0x35, 0x00, 0x3E, 0x00, 0x00, 0xAE, 0x6F, 0x12, 0x34, 0x01, 0x23, 0x85, 0x2F, 0xBF,
0x7B, 0x02, 0x05, 0x3B, 0xD3, 0x33, 0x39, 0xEC, 0xFE, 0x3E, 0xA3, 0x09, 0x88, 0xCD, 0x02, 0xBB,
0x40, 0x01, 0x48, 0xD4, 0xF3, 0x83, 0x98, 0x40, 0xC9, 0xE8, 0xA1, 0x5B, 0x80, 0x9B, 0xC7, 0x99,
0x05, 0x20, 0xBD, 0xF1, 0x2F, 0x1C, 0x00, 0x00, 0x34, 0xEF, 0x12, 0x34, 0x01, 0xC1, 0x14, 0xE6,
0x8C, 0x48, 0x02, 0xB4, 0x44, 0x36, 0xBB, 0xDD, 0xAD, 0x05, 0x00, 0xD8, 0x68, 0xEA, 0x76, 0x41,
0x50, 0x3B, 0x99, 0x1D, 0xCB, 0xF2, 0xC9, 0x83, 0x87, 0x6F, 0xA0, 0x6F, 0x39, 0x00, 0x43, 0x0E,
0x00, 0x1F, 0x42, 0x9C, 0x80, 0x63, 0x71, 0xD1, 0xD4, 0xDA, 0x00, 0xE5, 0x02, 0xAB, 0x61, 0x87,
0x41, 0xFE, 0x9B, 0x2F, 0xF8, 0x26, 0x60, 0x5A, 0xC2, 0x8E, 0x69, 0x6E, 0xFF, 0x02, 0x24, 0x73,
0x63, 0x01, 0x00, 0xD6, 0x9B, 0x5D, 0xED, 0xB8, 0x90, 0xB4, 0x9B, 0x3C, 0x22, 0x00, 0xB0, 0x09,
0xD4, 0x9F, 0xF8, 0xC0, 0xB5, 0x61, 0x0B, 0x30, 0x0D, 0xE0, 0x59, 0x3A, 0x87, 0x0E, 0xC0, 0x88,
0x03, 0xD0, 0xC4, 0xB7, 0x81, 0xD7, 0xA3, 0xA0, 0x08, 0xA8, 0xFB, 0x37, 0x7D, 0x5C, 0x80, 0x64,
0xAE, 0xFF, 0x00, 0x80, 0xE8, 0x4E, 0xC0, 0x3A, 0x80, 0x66, 0x44, 0x3D, 0x7A, 0xF0, 0x13, 0xA8,
0xA7, 0x50, 0x00, 0xC6, 0x40, 0x00, 0xCE, 0xD2, 0x56, 0x80, 0xA3, 0x29, 0x00, 0x0D, 0x7C, 0x1B,
0xF8, 0x7A, 0x01, 0x24, 0xCC, 0xF4, 0x7D, 0x8E, 0x40, 0x32, 0xD7, 0x67, 0xEC, 0x06, 0xA8, 0xC7,
0x81, 0xC2, 0x49, 0x40, 0x1E, 0x40, 0x33, 0xFE, 0x40, 0x3B, 0x7A, 0x2E, 0x9E, 0x92, 0x55, 0x80,
0x6E, 0x58, 0x00, 0x8E, 0xA2, 0x05, 0x20, 0x1D, 0x05, 0x88, 0x95, 0x31, 0xA6, 0xB5, 0x0D, 0x7C,
0x0D, 0x78, 0x8A, 0x03, 0x60, 0xF6, 0x3E, 0xC7, 0x4D, 0x3D, 0x9B, 0x79, 0x38, 0x0F, 0x9C, 0x31,
0x0B, 0xDC, 0x01, 0xD0, 0x8C, 0xCF, 0x0C, 0xDB, 0xF1, 0xB1, 0x1C, 0x3A, 0x2C, 0x74, 0x16, 0x0F,
0xDD, 0x5D, 0xB2, 0x0A, 0x20, 0x14, 0xC0, 0x92, 0x04, 0x1C, 0x89, 0x6B, 0x9E, 0xA5, 0x68, 0x11,
0x27, 0x44, 0xFE, 0x87, 0x0C, 0x80, 0x06, 0xBA, 0x99, 0xB9, 0x9B, 0xAA, 0x18, 0x8D, 0x0B, 0x63,
0x90, 0xCC, 0x9D, 0xF8, 0x3C, 0x10, 0xB6, 0x00, 0xAB, 0xBB, 0xE0, 0x9C, 0x43, 0x62, 0x00, 0x86,
0xE8, 0xD2, 0xF9, 0xAC, 0x00, 0x18, 0xE9, 0xC1, 0xCB, 0x1E, 0x00, 0xB4, 0x96, 0x5D, 0x45, 0x20,
0x26, 0x71, 0xE1, 0x10, 0x34, 0xF4, 0xBB, 0xAB, 0xB1, 0x26, 0x20, 0x06, 0x40, 0x17, 0x00, 0x70,
0x44, 0x11, 0xBB, 0x23, 0xA9, 0x9D, 0x1C, 0x80, 0xEB, 0x5F, 0x98, 0x03, 0x58, 0xB2, 0x07, 0x4C,
0x5F, 0x00, 0x02, 0x00, 0x42, 0x2F, 0x04, 0x00, 0xF8, 0x1A, 0x70, 0x0D, 0x9C, 0x30, 0x7D, 0x9B,
0x47, 0x20, 0x99, 0xCD, 0xF9, 0x00, 0xBC, 0x81, 0xA7, 0xA8, 0xE1, 0x65, 0xCC, 0x8E, 0xB8, 0x1D,
0xAA, 0xF1, 0xCF, 0x22, 0x87, 0x7E, 0x1C, 0xF0, 0xAA, 0xDD, 0xE6, 0x00, 0x08, 0x05, 0x10, 0xA3,
0xE7, 0x50, 0x5C, 0xD2, 0xF4, 0x7D, 0x2E, 0xE0, 0x85, 0x70, 0xC3, 0xB2, 0x42, 0x05, 0x68, 0xA3,
0xC5, 0xEC, 0x15, 0x7A, 0x61, 0xFA, 0x36, 0x61, 0x36, 0xDF, 0xCC, 0x05, 0xE0, 0xEF, 0xCD, 0x86,
0x76, 0x34, 0x8F, 0x89, 0x01, 0x40, 0xAF, 0x03, 0xDE, 0x45, 0x5A, 0x00, 0x8B, 0x47, 0xEE, 0x30,
0xFD, 0xFC, 0xC7, 0xDD, 0x10, 0x00, 0xA0, 0xDB, 0x99, 0x07, 0x62, 0x00, 0x8E, 0x9B, 0x20, 0x9D,
0x6F, 0xE7, 0x02, 0xB0, 0x05, 0x90, 0x19, 0x92, 0x45, 0x4E, 0x0D, 0x1D, 0xF4, 0x3A, 0xE0, 0x03,
0x17, 0x80, 0x66, 0xB6, 0x02, 0x10, 0x07, 0x80, 0x13, 0xD0, 0x46, 0xC3, 0xFC, 0x34, 0x6D, 0x65,
0xA9, 0x00, 0xD0, 0x6D, 0x6B, 0x26, 0x00, 0xD1, 0x65, 0x80, 0x0D, 0x80, 0x0C, 0x31, 0x00, 0xC3,
0xE1, 0xDD, 0x2F, 0x2C, 0x03, 0x12, 0x46, 0x6E, 0x51, 0x37, 0xB4, 0x1A, 0x70, 0x8B, 0x56, 0xB3,
0x88, 0x90, 0x91, 0xB8, 0x31, 0x04, 0xE9, 0xDC, 0x88, 0x2D, 0x04, 0xC0, 0xCD, 0xE0, 0xED, 0x86,
0x6E, 0xC3, 0x23, 0xC3, 0x76, 0x28, 0x6C, 0x7C, 0xC0, 0xE3, 0xD6, 0x63, 0x03, 0x67, 0x92, 0xA0,
0x05, 0xE0, 0x04, 0xF4, 0x38, 0x00, 0xD6, 0xC1, 0x58, 0x5E, 0xEF, 0xF0, 0x28, 0x6D, 0x8B, 0xFA,
0xC1, 0x1C, 0x69, 0x72, 0x05, 0x68, 0x63, 0xDF, 0x0F, 0x98, 0x30, 0x92, 0x7B, 0x51, 0x3F, 0x4C,
0xDF, 0xE5, 0x50, 0xCF, 0x66, 0x73, 0x3B, 0xB6, 0x10, 0x00, 0xDE, 0x0C, 0x5F, 0x5D, 0xD7, 0x89,
0x69, 0xF4, 0x48, 0xE2, 0x26, 0xC7, 0x0D, 0x07, 0xA0, 0x7B, 0x93, 0xAC, 0x05, 0x00, 0x00, 0x1C,
0x65, 0x08, 0x80, 0x22, 0x39, 0x49, 0x13, 0x70, 0x29, 0x1D, 0xB1, 0x46, 0x16, 0x11, 0xC8, 0x17,
0x5A, 0x32, 0x1B, 0x8D, 0xF5, 0x70, 0x21, 0x40, 0xBD, 0x1E, 0xB6, 0xA2, 0xAF, 0x03, 0xAD, 0xE6,
0xD6, 0x81, 0x02, 0xF4, 0x88, 0x07, 0xCE, 0x6D, 0xD2, 0x55, 0x80, 0x5E, 0xB6, 0x02, 0x10, 0x92,
0x2C, 0xA5, 0x4C, 0x75, 0x81, 0xE8, 0x26, 0xE0, 0xBA, 0x49, 0x4B, 0x72, 0x4F, 0xCF, 0x66, 0x7B,
0x5D, 0xCE, 0x03, 0xA7, 0x2B, 0x41, 0x2B, 0x70, 0x19, 0x60, 0x13, 0x28, 0xC0, 0x88, 0xB2, 0x02,
0xB0, 0xB0, 0xA1, 0x67, 0x81, 0xDF, 0x96, 0xA3, 0x02, 0xCC, 0xA8, 0x01, 0x2C, 0xBE, 0xDF, 0xB0,
0xDE, 0xBC, 0x10, 0x03, 0x30, 0x02, 0x0A, 0xB0, 0x09, 0x17, 0x02, 0x62, 0x00, 0xE4, 0x81, 0x02,
0x8C, 0x0E, 0x8D, 0xDB, 0xC1, 0x81, 0xD2, 0x4D, 0xDE, 0x3B, 0xA3, 0xB7, 0x82, 0xBE, 0x6B, 0x25,
0xC0, 0x62, 0x17, 0x3B, 0xCC, 0xCC, 0x02, 0x4F, 0xC2, 0x12, 0x80, 0xD6, 0xB3, 0x6F, 0x7C, 0x41,
0xA3, 0x47, 0xE7, 0xC9, 0x08, 0xF4, 0x00, 0xF9, 0xEC, 0x01, 0x18, 0xCB, 0xB0, 0x8D, 0x94, 0x6E,
0x62, 0x45, 0xF3, 0xA6, 0xA1, 0x66, 0x81, 0x6A, 0xE0, 0xF0, 0xB0, 0x8D, 0xB3, 0x49, 0xBF, 0xF0,
0x24, 0xE2, 0x0A, 0xEB, 0x02, 0x1B, 0xD8, 0x8E, 0xE6, 0x39, 0xAC, 0x66, 0x16, 0x89, 0x27, 0x00,
0x80, 0xC6, 0x5C, 0x00, 0x72, 0x69, 0x29, 0x40, 0x10, 0x35, 0xE4, 0xFA, 0xF9, 0xCD, 0x24, 0x58,
0x07, 0xEC, 0x65, 0x2F, 0x00, 0x40, 0xCC, 0xF8, 0x34, 0x00, 0x3B, 0xA7, 0x79, 0xD2, 0x58, 0x5E,
0x06, 0x05, 0xD8, 0x01, 0x00, 0x58, 0x84, 0x0A, 0xC0, 0x83, 0x86, 0x5D, 0x07, 0x7A, 0x8C, 0x57,
0x80, 0x71, 0x56, 0xE9, 0x1F, 0xC7, 0x6B, 0x00, 0x76, 0x1A, 0xF0, 0x18, 0x99, 0xD0, 0x50, 0xB8,
0x62, 0x81, 0x74, 0xEE, 0xE0, 0x01, 0x38, 0x30, 0x6E, 0x63, 0x39, 0x68, 0x58, 0xCC, 0x86, 0xCD,
0x06, 0x36, 0x62, 0x4F, 0x3E, 0x27, 0x80, 0x9D, 0xDA, 0x0B, 0x25, 0x20, 0x53, 0x1B, 0x47, 0x7C,
0x69, 0xB4, 0x7D, 0xEC, 0x86, 0xE0, 0x1D, 0xB1, 0x2F, 0x00, 0x80, 0xE6, 0x7C, 0x00, 0x76, 0x89,
0x01, 0x18, 0x87, 0xAA, 0x29, 0x07, 0x0D, 0xF6, 0xB5, 0xC0, 0x67, 0x5F, 0x96, 0x80, 0x1E, 0x0B,
0x9A, 0xC5, 0x83, 0x36, 0x16, 0x97, 0xCC, 0x26, 0xF9, 0x07, 0x62, 0x19, 0xC0, 0x62, 0xBE, 0x48,
0x67, 0xDA, 0x3E, 0xB6, 0xA5, 0xB9, 0x57, 0xCE, 0x48, 0x00, 0x2C, 0xE3, 0xBE, 0x40, 0x05, 0xD8,
0x9D, 0x05, 0x40, 0xF4, 0xB3, 0x01, 0x72, 0xBB, 0xE4, 0x0A, 0x60, 0x69, 0x00, 0x4C, 0x92, 0xCD,
0x02, 0x03, 0x00, 0x0E, 0x32, 0xB7, 0x28, 0x00, 0x8D, 0xF6, 0x03, 0xB6, 0xA5, 0xD1, 0x00, 0x20,
0x57, 0x80, 0xC6, 0x6E, 0xEE, 0x07, 0x00, 0x04, 0x5B, 0x01, 0xB9, 0xDD, 0xB6, 0x6E, 0x96, 0xF1,
0x70, 0xF1, 0x88, 0xED, 0x87, 0x21, 0xC3, 0xEE, 0xA0, 0xBE, 0x32, 0x05, 0x18, 0x48, 0xD9, 0xEC,
0xED, 0x8F, 0xE4, 0xE5, 0x32, 0xCC, 0xFD, 0xD4, 0x99, 0x61, 0x73, 0xC0, 0x14, 0x00, 0xBB, 0xAC,
0x71, 0x15, 0xE2, 0x4C, 0xE3, 0x8C, 0x05, 0xD2, 0xC9, 0x01, 0xD0, 0x36, 0x03, 0x56, 0xC0, 0x56,
0x40, 0xAE, 0x11, 0x07, 0xC0, 0x32, 0x79, 0x68, 0x00, 0x0C, 0x1A, 0x0D, 0xEC, 0xEA, 0xF9, 0xAD,
0x02, 0xA0, 0xA7, 0xC5, 0xCC, 0xCA, 0xE6, 0x98, 0x3A, 0xD3, 0x53, 0x00, 0xDC, 0x1A, 0x00, 0xC0,
0xE8, 0x2D, 0xEA, 0xD9, 0x6C, 0x24, 0x02, 0x80, 0x4E, 0x01, 0x58, 0xC8, 0xB0, 0x2B, 0x27, 0x9F,
0x22, 0x00, 0xA8, 0x90, 0x59, 0x07, 0x19, 0x4B, 0x40, 0x04, 0x80, 0xEF, 0xD8, 0xCD, 0x80, 0xD0,
0x9B, 0x74, 0x14, 0xA0, 0x91, 0x03, 0xBB, 0x41, 0x99, 0x2B, 0x00, 0x16, 0x00, 0x76, 0x7F, 0xF1,
0x90, 0x59, 0xD9, 0x4B, 0x80, 0x04, 0xA0, 0xFD, 0x15, 0xBB, 0xAE, 0x45, 0xED, 0xCD, 0x82, 0x00,
0x84, 0x9B, 0x81, 0xB9, 0x36, 0x04, 0xC0, 0xB8, 0xED, 0xEF, 0xEF, 0xF7, 0xCA, 0x41, 0xC4, 0xD0,
0x00, 0xB4, 0xB9, 0x02, 0x0C, 0x44, 0x0F, 0x50, 0xEE, 0xB1, 0x4B, 0x59, 0x19, 0x5B, 0xE8, 0xCD,
0x70, 0xC0, 0x15, 0xC0, 0x47, 0x03, 0xDD, 0x68, 0x90, 0x7A, 0xF3, 0x43, 0x00, 0xFE, 0x1A, 0x00,
0xA0, 0xEF, 0x06, 0x93, 0x03, 0x30, 0x12, 0x21, 0x0B, 0x87, 0x4C, 0xF3, 0x97, 0x01, 0x18, 0x65,
0x99, 0xFE, 0x51, 0x04, 0x00, 0xA1, 0x00, 0xE8, 0x92, 0xD6, 0x8C, 0xB4, 0x34, 0x14, 0xDE, 0x44,
0x73, 0xE9, 0xB3, 0xDF, 0x08, 0x00, 0x62, 0x1A, 0xB0, 0xA2, 0xEF, 0x06, 0x73, 0x00, 0xFC, 0x14,
0x14, 0x20, 0x04, 0xA0, 0x8B, 0x06, 0xA0, 0x1D, 0xCE, 0x02, 0x96, 0x4C, 0x01, 0x8C, 0x00, 0x40,
0xAC, 0x00, 0xFE, 0x22, 0x00, 0xA4, 0xAA, 0x00, 0x68, 0x00, 0x7C, 0x08, 0xC0, 0xFF, 0x15, 0x00,
0xA9, 0x00, 0xFA, 0x03, 0x01, 0x2B, 0x60, 0x21, 0x30, 0xE7, 0x03, 0xDB, 0x37, 0x6F, 0xE5, 0xB2,
0xC8, 0xFF, 0x80, 0x17, 0x4D, 0x6C, 0xD3, 0x54, 0x70, 0x45, 0x09, 0x18, 0xC8, 0x90, 0x95, 0xF7,
0x97, 0xC0, 0xCA, 0xBD, 0xA9, 0x3B, 0x7E, 0x1B, 0xDF, 0xD4, 0x86, 0xEE, 0x94, 0x29, 0xDC, 0x01,
0xE9, 0x9C, 0x0F, 0x40, 0x9B, 0x16, 0x80, 0x11, 0x3B, 0xC2, 0x88, 0x35, 0x12, 0x34, 0x81, 0x02,
0x80, 0x66, 0x18, 0xB1, 0x32, 0xBB, 0x5E, 0x86, 0x26, 0xDC, 0x89, 0xF0, 0xEC, 0xE3, 0x9B, 0xDA,
0xA9, 0x3B, 0xBD, 0xB2, 0xB8, 0x5E, 0x2A, 0x00, 0xFC, 0x25, 0x2B, 0x00, 0xB4, 0x21, 0xC3, 0x77,
0x4F, 0xD0, 0x92, 0xE9, 0x13, 0x0F, 0x99, 0xC4, 0x82, 0xD6, 0x4C, 0x04, 0x00, 0xDF, 0xDB, 0xA2,
0x14, 0x34, 0x3D, 0xFD, 0xD9, 0x03, 0xC0, 0x06, 0x8C, 0x0E, 0x00, 0xF6, 0x09, 0x8A, 0x6B, 0x5D,
0x01, 0xB2, 0x15, 0x80, 0xB8, 0x02, 0xFC, 0x17, 0xBB, 0x0E, 0xA0, 0x03, 0x50, 0xCE, 0x5E, 0x01,
0x7C, 0xDF, 0xD5, 0xCE, 0x28, 0x1B, 0x1E, 0x2D, 0x65, 0x1E, 0xAF, 0xBD, 0xE1, 0xB0, 0x5E, 0x97,
0xF3, 0xE6, 0x24, 0x4B, 0xC1, 0x2C, 0x62, 0xF5, 0xA1, 0x42, 0x20, 0x5B, 0x15, 0x90, 0xEE, 0xF0,
0x16, 0xB0, 0x2E, 0x79, 0x46, 0x2F, 0x05, 0x8B, 0xA6, 0x76, 0x50, 0x67, 0xFE, 0xEC, 0x49, 0x77,
0x0C, 0x07, 0x7C, 0x9A, 0x49, 0x97, 0x1F, 0xBB, 0x73, 0x01, 0xD8, 0x05, 0xC8, 0x70, 0x2A, 0x0D,
0x1E, 0x31, 0x00, 0x92, 0x6C, 0x06, 0x49, 0x00, 0xF6, 0x42, 0x00, 0xCA, 0xD9, 0x1D, 0x12, 0x80,
0xBD, 0x10, 0x00, 0xEC, 0x66, 0xD0, 0xC4, 0x97, 0xEB, 0x1A, 0x51, 0x00, 0x8C, 0x1E, 0x91, 0xFC,
0x27, 0x03, 0xA0, 0x47, 0xAC, 0x00, 0xE8, 0xED, 0xE0, 0x19, 0x00, 0x64, 0xAE, 0x00, 0x53, 0x00,
0x1E, 0x92, 0x01, 0x40, 0xA6, 0x00, 0x3D, 0xBC, 0x02, 0xB8, 0xBA, 0x55, 0xCA, 0x26, 0x8D, 0x07,
0x6B, 0x6F, 0xAF, 0x32, 0xAC, 0x54, 0x64, 0xC9, 0x74, 0x5D, 0xF4, 0x03, 0x21, 0x6C, 0x1A, 0xD0,
0x66, 0x27, 0xD7, 0xD9, 0x45, 0xD8, 0xA5, 0x14, 0x04, 0x59, 0x59, 0xE8, 0x0F, 0xCB, 0xFF, 0x80,
0x4D, 0xB4, 0x5D, 0xE4, 0x03, 0x21, 0x37, 0xF7, 0xAE, 0x9A, 0xD7, 0x56, 0x68, 0xFC, 0xA9, 0xE8,
0xD9, 0xF4, 0x77, 0xE6, 0x02, 0xB0, 0x03, 0x00, 0x18, 0x12, 0x03, 0x80, 0x7E, 0x24, 0xCC, 0x55,
0x55, 0x73, 0xE9, 0x00, 0x68, 0x70, 0x00, 0xD0, 0x8F, 0x84, 0x11, 0x03, 0x30, 0x04, 0xE9, 0xC4,
0x03, 0x40, 0xAD, 0x00, 0x8F, 0xE8, 0x88, 0xF9, 0xED, 0x9A, 0x00, 0xA0, 0xB2, 0x3C, 0x00, 0x54,
0x42, 0x00, 0xD0, 0xCF, 0xB8, 0xBA, 0x7E, 0x9A, 0x0A, 0xB0, 0x74, 0x00, 0xE0, 0x87, 0xCC, 0x24,
0x54, 0x80, 0xA5, 0x04, 0x60, 0x82, 0x17, 0xB4, 0x54, 0x01, 0xC8, 0xCF, 0x05, 0x20, 0x0F, 0xCE,
0x18, 0xEC, 0x19, 0x37, 0x1E, 0x2F, 0x51, 0x33, 0x59, 0xFE, 0x5D, 0xF4, 0x8B, 0x21, 0x7E, 0xD0,
0x04, 0x28, 0x04, 0x32, 0xB7, 0xC0, 0x9D, 0x12, 0xCB, 0x3F, 0x7A, 0x59, 0xE3, 0xC1, 0xE5, 0x04,
0xD0, 0xB9, 0x33, 0x48, 0x00, 0x80, 0xA3, 0x1D, 0x86, 0x01, 0x18, 0xEE, 0x55, 0x74, 0x00, 0xD0,
0x6F, 0xD3, 0x7D, 0xD7, 0x00, 0x18, 0xB2, 0x23, 0x43, 0xE3, 0xFF, 0x3E, 0x74, 0x87, 0x01, 0x80,
0x7D, 0x20, 0xA8, 0xF0, 0xEA, 0xD2, 0xBA, 0x33, 0x00, 0xE9, 0x9C, 0x0F, 0xC0, 0x66, 0x8A, 0x0A,
0xC0, 0x7B, 0x80, 0x5B, 0x7C, 0xC8, 0x96, 0x58, 0x01, 0xD0, 0x38, 0xDF, 0xBA, 0xB4, 0xEE, 0x40,
0x05, 0xD8, 0xFC, 0xE1, 0x66, 0x50, 0xB0, 0x1D, 0xFC, 0x0E, 0x20, 0x53, 0x33, 0x3E, 0x66, 0x2A,
0x1A, 0x00, 0xE8, 0xFD, 0xE0, 0x67, 0x4D, 0x33, 0x2B, 0x59, 0x2B, 0x80, 0x2E, 0x68, 0xE8, 0xD7,
0xC3, 0x3F, 0x11, 0x2B, 0x40, 0x0D, 0xA4, 0x73, 0x7D, 0x2E, 0x00, 0xDB, 0x8E, 0x6E, 0x6D, 0xE3,
0xC3, 0x85, 0x85, 0x8B, 0xC7, 0x6B, 0x50, 0xE3, 0x11, 0xF3, 0x9C, 0x9B, 0x24, 0x13, 0xA7, 0x5A,
0x4D, 0xC4, 0x8C, 0x07, 0x2D, 0x4B, 0x19, 0xA8, 0x4C, 0xDD, 0xA9, 0xD5, 0x92, 0x4C, 0x6A, 0x2F,
0x1D, 0x8F, 0xF3, 0xCC, 0xBD, 0x09, 0xDC, 0x31, 0x7B, 0x87, 0x6D, 0x3D, 0x9B, 0xEE, 0x76, 0x0E,
0x7C, 0x54, 0x64, 0xEC, 0x91, 0xB0, 0x6D, 0x9D, 0x18, 0xC7, 0xE7, 0x8C, 0x1B, 0x3B, 0x66, 0x00,
0x80, 0xED, 0x9B, 0x2F, 0xC5, 0x98, 0xD1, 0x00, 0xC8, 0xEA, 0xD0, 0x00, 0x10, 0x7A, 0x86, 0x5D,
0xD8, 0x9E, 0xCC, 0x00, 0xC0, 0xE8, 0x1D, 0xFA, 0x5A, 0x32, 0x1D, 0x67, 0x3B, 0xFE, 0x44, 0x10,
0x78, 0x28, 0x74, 0x03, 0x28, 0x80, 0x4F, 0xA2, 0x00, 0xF5, 0x29, 0x00, 0xF8, 0x0F, 0x89, 0x8A,
0x01, 0xB0, 0x14, 0x0A, 0xC0, 0x01, 0xC0, 0x7F, 0x48, 0xD4, 0x14, 0x80, 0x3A, 0x89, 0x02, 0xF8,
0x20, 0x9D, 0x1B, 0xF1, 0x87, 0x42, 0xC1, 0x63, 0xE1, 0x5B, 0x40, 0x01, 0x5C, 0xDA, 0x31, 0xE3,
0x39, 0x4F, 0x85, 0x24, 0x8B, 0xC1, 0xCB, 0xA3, 0x00, 0xF5, 0x88, 0x37, 0xE8, 0x4F, 0xBB, 0x78,
0xE2, 0x00, 0x10, 0x7A, 0xB3, 0x07, 0x92, 0xE9, 0x6C, 0xCD, 0x7D, 0x2F, 0xE0, 0x2D, 0x40, 0xC6,
0xA9, 0x18, 0x35, 0x1E, 0xAE, 0xFA, 0xE9, 0xA9, 0x88, 0x58, 0x9F, 0xE7, 0xDF, 0xC1, 0x06, 0xED,
0xE6, 0xCE, 0x73, 0xFB, 0x72, 0xD0, 0x9C, 0x9E, 0x9E, 0x06, 0xE3, 0x26, 0x13, 0x53, 0xCE, 0x48,
0x6F, 0xFC, 0xBE, 0xEB, 0xE1, 0x3F, 0x28, 0xD2, 0xE1, 0x04, 0xF4, 0x95, 0x37, 0x75, 0xF3, 0xDE,
0xC0, 0x6C, 0xBE, 0x9D, 0x0B, 0xC0, 0xDF, 0xE0, 0x29, 0x75, 0x42, 0x00, 0x7C, 0x06, 0x00, 0x5A,
0x36, 0xAF, 0x5C, 0x01, 0x40, 0x2D, 0x04, 0xA0, 0x9E, 0x31, 0x00, 0xAA, 0x05, 0xEC, 0xE3, 0x5B,
0x80, 0xC2, 0x0B, 0x03, 0xC0, 0x27, 0x04, 0xA0, 0x0E, 0xB3, 0xF9, 0xE6, 0x27, 0xAF, 0x86, 0xC9,
0x97, 0x43, 0x73, 0xF0, 0x94, 0x53, 0x62, 0x00, 0xD0, 0x0F, 0x51, 0xF1, 0x26, 0xA0, 0x2F, 0xE7,
0x01, 0xCB, 0x03, 0x40, 0x9B, 0x37, 0x34, 0x68, 0x96, 0x0B, 0x6D, 0x62, 0x00, 0x4E, 0x41, 0x32,
0xDD, 0xDC, 0x8F, 0x00, 0x08, 0x5F, 0x0F, 0xCF, 0xED, 0x82, 0x73, 0x06, 0xA4, 0x31, 0x73, 0x1C,
0x1B, 0x3D, 0x6C, 0xF8, 0xFA, 0x39, 0xA1, 0x6A, 0x26, 0xA6, 0x19, 0xBF, 0x0A, 0x30, 0xB1, 0x59,
0x4E, 0x7C, 0xD5, 0x04, 0x50, 0x38, 0x33, 0x00, 0xC9, 0xDC, 0xCD, 0xE5, 0xE6, 0x7D, 0x40, 0x44,
0x6E, 0x07, 0x9C, 0x53, 0xAB, 0x9B, 0xB4, 0x53, 0x6E, 0x27, 0x27, 0x83, 0x6A, 0xB5, 0x54, 0xEA,
0xF7, 0x3D, 0xA6, 0x00, 0x36, 0xFE, 0x0B, 0x23, 0x3C, 0xAF, 0xDF, 0xEF, 0x97, 0x6A, 0xD5, 0xC1,
0xC9, 0xC9, 0x89, 0xB8, 0x60, 0x3D, 0x13, 0x53, 0xBE, 0x30, 0x67, 0x6A, 0xCC, 0x17, 0xE6, 0x0C,
0x76, 0x46, 0x5B, 0x78, 0x64, 0x00, 0x70, 0x67, 0x4A, 0xA5, 0x2A, 0x77, 0xC6, 0xBC, 0x2F, 0x25,
0x3D, 0x97, 0x76, 0x6C, 0x33, 0x70, 0x06, 0x00, 0x79, 0xA7, 0xA5, 0x1D, 0x7D, 0x92, 0xA0, 0x45,
0x00, 0xC0, 0x7F, 0x6D, 0xE0, 0xAD, 0x08, 0x5A, 0xAD, 0x5A, 0x5D, 0x0E, 0x00, 0xAA, 0x02, 0x00,
0xCF, 0xC3, 0x57, 0x80, 0xE7, 0x08, 0x00, 0x24, 0xBE, 0xF4, 0x41, 0x32, 0xF3, 0x0B, 0x00, 0xB0,
0x09, 0x14, 0xA0, 0x6F, 0x3E, 0x6A, 0x91, 0xA0, 0x31, 0x00, 0x12, 0x7C, 0xD5, 0x0E, 0xE9, 0xA8,
0x49, 0xAC, 0x66, 0xF8, 0x2F, 0x3F, 0x7A, 0x09, 0x00, 0x98, 0xC2, 0x5C, 0x37, 0x0C, 0x40, 0x74,
0xFC, 0x3B, 0xCE, 0xE6, 0x02, 0x00, 0x6C, 0xB7, 0x74, 0xF3, 0x4E, 0x8D, 0xDA, 0x89, 0xC8, 0x7E,
0x35, 0x50, 0x4D, 0x76, 0x5B, 0xE8, 0x97, 0x69, 0xF8, 0xFA, 0x19, 0x8B, 0x5A, 0x91, 0x87, 0x8D,
0xC7, 0x4D, 0x51, 0x90, 0xB6, 0x89, 0xFF, 0x7C, 0x22, 0x5C, 0x29, 0x0A, 0x57, 0x26, 0xF8, 0x1E,
0x50, 0x01, 0x20, 0x08, 0x90, 0xBE, 0x98, 0xBD, 0x47, 0x4F, 0x4B, 0xA5, 0x63, 0x6F, 0xCF, 0x07,
0x60, 0x6D, 0x83, 0xFD, 0x5D, 0xE4, 0x68, 0x39, 0x04, 0x61, 0x63, 0x63, 0xB7, 0xA4, 0xA2, 0xE6,
0xD8, 0xF6, 0x24, 0x59, 0x0D, 0x60, 0x51, 0xCB, 0x94, 0x80, 0x30, 0xFF, 0x8A, 0x65, 0x7C, 0x05,
0x98, 0xD8, 0x0A, 0x00, 0x32, 0x96, 0x1D, 0x2D, 0x99, 0x2D, 0x7B, 0x63, 0x01, 0x05, 0xD8, 0x6A,
0xD9, 0x3A, 0x01, 0x34, 0x61, 0x8B, 0x00, 0x80, 0xFF, 0xF6, 0xF8, 0x47, 0x01, 0x40, 0x71, 0x59,
0x00, 0x28, 0x0A, 0x00, 0xF0, 0x6E, 0x3C, 0x91, 0x03, 0xA0, 0x0F, 0x66, 0xA7, 0xB5, 0xB5, 0x00,
0x00, 0xEF, 0xF5, 0x93, 0xEC, 0x56, 0x95, 0x46, 0x01, 0x6A, 0x0A, 0x80, 0x96, 0x8D, 0xDE, 0x44,
0x2F, 0xDC, 0x7C, 0x12, 0x00, 0x64, 0x5A, 0x03, 0xF4, 0x0A, 0xD0, 0xF7, 0xBE, 0x5E, 0xA2, 0xDD,
0xF8, 0x66, 0xB7, 0x18, 0x00, 0x84, 0x28, 0x57, 0x61, 0x2E, 0xDF, 0xFF, 0x04, 0x80, 0x60, 0x3F,
0x78, 0x8D, 0x8D, 0x49, 0xCD, 0x4A, 0x27, 0x26, 0xAD, 0x2A, 0x1A, 0x00, 0x26, 0x9B, 0xAA, 0x07,
0x68, 0xD9, 0x36, 0xFA, 0x0D, 0x61, 0xD6, 0x3E, 0x7B, 0x41, 0x11, 0x10, 0xA1, 0x53, 0xC1, 0x4B,
0xD5, 0x02, 0x47, 0x54, 0x01, 0xF0, 0xF0, 0x93, 0x99, 0xC2, 0x57, 0x9B, 0x11, 0x20, 0x1D, 0x29,
0x91, 0x38, 0x52, 0x02, 0xA9, 0x74, 0xD6, 0xE0, 0x6E, 0xF0, 0x6F, 0xB1, 0x2F, 0x0E, 0xCD, 0xAD,
0xED, 0x30, 0x54, 0xA2, 0x3F, 0x7D, 0x6A, 0x00, 0x3A, 0xF8, 0x26, 0xE0, 0xCA, 0xA7, 0x8C, 0x5B,
0x12, 0x47, 0xF0, 0xCB, 0xC0, 0x85, 0x49, 0x87, 0x1A, 0x80, 0xBE, 0xAD, 0x65, 0xD2, 0xDE, 0x59,
0xCB, 0xCD, 0xF8, 0xC2, 0x08, 0xB0, 0x19, 0xB0, 0x96, 0x07, 0xD8, 0xF8, 0xE6, 0x03, 0x37, 0x1D,
0x38, 0xBC, 0x07, 0xE8, 0xE0, 0xE7, 0x4F, 0x85, 0x6F, 0x59, 0x03, 0x00, 0x05, 0x00, 0x5F, 0xC7,
0x0A, 0x4F, 0x1D, 0x7B, 0x3A, 0x0B, 0x50, 0x8E, 0x9C, 0x18, 0x07, 0x20, 0x6A, 0xF9, 0x5C, 0x6E,
0xC6, 0x57, 0xC6, 0xC0, 0xCD, 0x80, 0x4D, 0xA0, 0x00, 0x1E, 0xD1, 0xC8, 0x91, 0x81, 0xE3, 0x12,
0xF0, 0x8A, 0x0F, 0xDE, 0x7D, 0xD6, 0x35, 0x00, 0x2A, 0xD9, 0x3D, 0xDE, 0x87, 0x57, 0x29, 0x00,
0x81, 0x1F, 0x04, 0x6E, 0x78, 0xBA, 0x00, 0x38, 0xEF, 0xC2, 0x95, 0x60, 0x1D, 0x00, 0xB0, 0x10,
0x00, 0x0B, 0x47, 0xD5, 0xA8, 0xD5, 0xC4, 0xB0, 0x29, 0x05, 0xF9, 0xE7, 0x0A, 0x80, 0x7E, 0x2C,
0x8C, 0x47, 0x4F, 0x0E, 0x1D, 0x26, 0x02, 0x02, 0x82, 0x5A, 0x35, 0x5D, 0xAB, 0x45, 0xDC, 0xE0,
0xF9, 0xC7, 0xAF, 0x66, 0x15, 0x6E, 0x5C, 0xA5, 0x00, 0x1E, 0x99, 0x1B, 0x2D, 0x90, 0xCA, 0xF8,
0x32, 0xC0, 0x0C, 0x00, 0xD6, 0xB6, 0xC0, 0x59, 0x76, 0x8D, 0x0A, 0x80, 0xA0, 0x04, 0x74, 0xEE,
0xF0, 0xE1, 0x9B, 0xB8, 0xD9, 0x03, 0x50, 0x9A, 0x72, 0x9C, 0x40, 0x00, 0xEE, 0x3A, 0xD3, 0x12,
0x40, 0xE3, 0x46, 0x0D, 0x66, 0x72, 0x6B, 0x21, 0x00, 0xDE, 0xA6, 0x0F, 0xC0, 0x03, 0x3E, 0x7C,
0x85, 0x07, 0x7D, 0xE8, 0xD4, 0x32, 0x15, 0x80, 0x04, 0x1D, 0x40, 0xE1, 0x99, 0x1C, 0x00, 0x38,
0x09, 0xB0, 0xDF, 0x2F, 0x02, 0x40, 0x38, 0x0F, 0x74, 0xD4, 0xAF, 0xDD, 0x37, 0x1F, 0xBC, 0xC8,
0xD8, 0x61, 0x32, 0x75, 0x9E, 0x60, 0x22, 0x58, 0xB8, 0x6A, 0x67, 0x28, 0x01, 0x40, 0x00, 0xF0,
0xFB, 0x80, 0x7C, 0x12, 0xD8, 0x89, 0xF4, 0x00, 0xCA, 0x0B, 0xB3, 0x77, 0xD9, 0x8F, 0xA6, 0xD1,
0x91, 0xB3, 0xC0, 0x45, 0x00, 0xD8, 0x91, 0x00, 0x74, 0xD4, 0xAF, 0xED, 0xD5, 0x8C, 0x1A, 0x77,
0xB6, 0x54, 0x2C, 0xAA, 0xB1, 0xD3, 0xE2, 0xF3, 0xC0, 0xF3, 0xFB, 0x42, 0xE2, 0xB5, 0x80, 0x7E,
0xB1, 0x58, 0x2A, 0x85, 0x3A, 0x90, 0x8E, 0x95, 0x34, 0x1F, 0x3C, 0x27, 0x89, 0x82, 0xDD, 0x9F,
0x73, 0x00, 0xD4, 0x34, 0x90, 0xC6, 0x09, 0x2F, 0x9A, 0xC6, 0x8E, 0x9C, 0x05, 0xFE, 0x04, 0x80,
0x70, 0x1E, 0xB8, 0xC9, 0xFE, 0x38, 0x7A, 0xB4, 0x08, 0x01, 0xF0, 0x24, 0x00, 0xCF, 0x49, 0x24,
0x20, 0x33, 0x00, 0x82, 0xFC, 0x07, 0x3E, 0xF8, 0x57, 0x49, 0xF8, 0x95, 0x00, 0x50, 0x3A, 0xD1,
0x02, 0x89, 0xDC, 0x8C, 0xAF, 0x03, 0xFD, 0xB6, 0x12, 0xAC, 0x04, 0x45, 0x16, 0x02, 0xB6, 0x35,
0x6C, 0xD8, 0x0F, 0x09, 0x00, 0xC5, 0x69, 0x09, 0xE8, 0x24, 0xA9, 0x01, 0x97, 0x2F, 0x99, 0x03,
0x10, 0x08, 0x40, 0x82, 0x75, 0x0C, 0x56, 0x01, 0xCE, 0x23, 0x25, 0xA0, 0x48, 0xE2, 0x44, 0x90,
0xBF, 0xE0, 0x77, 0x7B, 0x2D, 0xBE, 0x0C, 0xB0, 0x12, 0x5F, 0x08, 0x58, 0xDB, 0xEA, 0x00, 0x93,
0x37, 0x67, 0xCA, 0x8A, 0xCA, 0xA6, 0xF9, 0xEF, 0x9C, 0x7F, 0xBE, 0xC7, 0xE7, 0xBF, 0xA5, 0xA2,
0x17, 0x5C, 0xAF, 0x94, 0x96, 0x15, 0x35, 0x0F, 0xBC, 0x8F, 0xB7, 0x37, 0x49, 0x2A, 0xC0, 0xE7,
0xF3, 0xCE, 0x94, 0x00, 0x12, 0x1F, 0x8A, 0x30, 0x8F, 0x5B, 0xB1, 0x27, 0x02, 0x03, 0x00, 0xC0,
0x76, 0x90, 0x0D, 0x4E, 0xEC, 0x93, 0x04, 0x50, 0x01, 0xD0, 0xE2, 0x00, 0x9C, 0x3F, 0xA0, 0xF3,
0x6F, 0x67, 0x0E, 0x80, 0x1A, 0xFF, 0x6E, 0x92, 0x0E, 0xB0, 0xF0, 0x70, 0xCE, 0x01, 0x00, 0x3E,
0x98, 0xBD, 0xCF, 0x3E, 0x48, 0xE3, 0xCC, 0x49, 0xC0, 0x2C, 0x00, 0xD6, 0xFE, 0x88, 0x9E, 0xC5,
0x7E, 0x3D, 0x22, 0x00, 0x78, 0xFC, 0x3E, 0x4A, 0x09, 0x70, 0x71, 0xA3, 0xE8, 0xF2, 0x96, 0x78,
0xF4, 0x2C, 0x9E, 0xFF, 0x8F, 0x49, 0xFA, 0x97, 0xC2, 0x8D, 0x2B, 0x05, 0xE0, 0x63, 0x58, 0x02,
0xCC, 0xBB, 0xE0, 0x05, 0xF9, 0x53, 0x99, 0xFC, 0x63, 0x6D, 0x51, 0x00, 0xF2, 0xF2, 0xC4, 0xF0,
0xDC, 0x16, 0x4D, 0x04, 0xBD, 0x08, 0x00, 0x9F, 0xEF, 0x90, 0xF9, 0xCF, 0x0C, 0x00, 0x58, 0x00,
0xBE, 0x27, 0x29, 0x00, 0x85, 0xBB, 0xCF, 0x11, 0x00, 0xFE, 0x49, 0xE3, 0x42, 0x6B, 0x3A, 0x86,
0xC5, 0x4F, 0x7E, 0x61, 0x00, 0xDE, 0xB1, 0xB3, 0xCE, 0xC5, 0x4F, 0xD0, 0x04, 0x18, 0xB7, 0x7F,
0x31, 0x93, 0xF9, 0xE7, 0x25, 0x80, 0x01, 0xF0, 0x82, 0xCA, 0x3F, 0xBF, 0x35, 0xA6, 0x9F, 0x1F,
0xFF, 0xCD, 0x2E, 0xC1, 0x2F, 0xF5, 0x3F, 0x6A, 0xCE, 0xA6, 0xB5, 0x71, 0x24, 0x8D, 0xE3, 0x0C,
0xCB, 0xC0, 0xB2, 0xF4, 0xB4, 0x7B, 0x33, 0xE9, 0x43, 0xAE, 0x81, 0x3E, 0x0C, 0x7D, 0x48, 0x43,
0x08, 0x7D, 0x14, 0xF8, 0x9C, 0x93, 0xAF, 0x86, 0xC1, 0xDF, 0x41, 0x08, 0x1F, 0x74, 0xCC, 0xC5,
0xF4, 0x7D, 0x2E, 0xC1, 0x17, 0x75, 0x83, 0x47, 0x04, 0x74, 0x50, 0x10, 0xAD, 0x83, 0x07, 0x21,
0xB3, 0x9F, 0x22, 0x68, 0xB0, 0x61, 0xFB, 0xEA, 0x60, 0x77, 0x1C, 0xBF, 0x9B, 0xB0, 0xF5, 0x2A,
0x55, 0x95, 0x5E, 0x2C, 0xCB, 0x2A, 0xAF, 0xFB, 0xB1, 0x93, 0x6E, 0x7A, 0xEC, 0x1A, 0x55, 0xFD,
0xFE, 0xCF, 0xFF, 0x79, 0xAA, 0xAC, 0xE4, 0xFA, 0xF7, 0x43, 0xC6, 0x35, 0xBD, 0xFA, 0x66, 0xA3,
0xFB, 0xB5, 0xC8, 0x0E, 0x56, 0x51, 0xD6, 0x16, 0x9D, 0x02, 0x54, 0x80, 0x9C, 0x19, 0x50, 0x7A,
0x3E, 0x79, 0x9E, 0x6F, 0x13, 0x40, 0xB8, 0x0D, 0x38, 0x0B, 0xDF, 0x83, 0x1F, 0xBD, 0xB2, 0xAF,
0xEE, 0x21, 0x12, 0x00, 0x75, 0x00, 0x7F, 0xB4, 0x03, 0x7F, 0x8B, 0x13, 0x00, 0x5C, 0xBF, 0xDF,
0x1F, 0x0E, 0x45, 0x9F, 0x5C, 0xFB, 0x75, 0x1F, 0x5F, 0xFD, 0xBC, 0x10, 0xFF, 0x71, 0x8F, 0x3A,
0x00, 0x16, 0xC0, 0x83, 0x84, 0x19, 0x5C, 0x47, 0xFC, 0xF0, 0xF3, 0xB7, 0xC4, 0x5D, 0x20, 0x14,
0x80, 0xF0, 0x81, 0xF0, 0xAB, 0xD3, 0x48, 0x35, 0xF8, 0xD9, 0x97, 0xE6, 0x00, 0xF7, 0x0D, 0xD2,
0x05, 0x5A, 0xCB, 0x1D, 0xF8, 0x93, 0xD5, 0x8B, 0xD2, 0xE7, 0xFA, 0xFF, 0x65, 0x00, 0xAB, 0x42,
0xFC, 0x95, 0xA5, 0x45, 0x7B, 0xC0, 0xA6, 0x34, 0x07, 0xE8, 0xF7, 0x38, 0x86, 0x7E, 0xEF, 0x34,
0xFE, 0x61, 0x30, 0x14, 0x00, 0xBF, 0x0F, 0x44, 0x9F, 0x06, 0xC0, 0x2E, 0x90, 0x53, 0x40, 0xB7,
0xF4, 0x2C, 0x8A, 0xD7, 0x80, 0xBC, 0x6D, 0xE0, 0x70, 0xE2, 0xE2, 0xD5, 0x0B, 0x05, 0x70, 0x50,
0x07, 0x78, 0xE0, 0xF8, 0x6F, 0x86, 0x85, 0xF8, 0x3F, 0x3D, 0xB2, 0x1E, 0x46, 0xF8, 0x97, 0x3D,
0x83, 0x2E, 0xC7, 0xB0, 0xD7, 0x13, 0x7A, 0x40, 0xBA, 0x0B, 0x4C, 0xEE, 0x02, 0x7D, 0x3E, 0x7A,
0xD7, 0x12, 0xA2, 0x5F, 0xED, 0x37, 0x9B, 0xCD, 0xD0, 0x01, 0xDC, 0x79, 0x4E, 0xFE, 0x9E, 0x6B,
0x41, 0x05, 0x20, 0x01, 0x80, 0x01, 0xFA, 0xD5, 0xEA, 0xF5, 0x61, 0xA3, 0x5A, 0x45, 0x57, 0x0E,
0x2E, 0xFD, 0xAF, 0x51, 0x31, 0x03, 0x98, 0xBB, 0x91, 0x03, 0x48, 0x9B, 0x41, 0x8F, 0x67, 0x68,
0xA5, 0xF4, 0x80, 0xC9, 0x5D, 0xA0, 0x6C, 0x01, 0x3C, 0x5C, 0x57, 0xAF, 0xE1, 0x32, 0xF6, 0x9B,
0x5D, 0x7C, 0x16, 0x0C, 0x04, 0xB0, 0xC9, 0xCB, 0x1F, 0xAE, 0x1E, 0x15, 0x40, 0x1F, 0x2D, 0x5F,
0xF5, 0x1A, 0xFB, 0x80, 0xEC, 0x78, 0x20, 0x17, 0x5E, 0x05, 0xD4, 0x9A, 0xF7, 0xDD, 0xFB, 0xE7,
0x62, 0xFC, 0x15, 0x6C, 0x62, 0xE2, 0x0C, 0x4A, 0x0E, 0x81, 0xA1, 0x7F, 0xB9, 0x83, 0x00, 0x3E,
0x88, 0x6F, 0x6E, 0x96, 0xBE, 0x92, 0xE0, 0xAB, 0x4A, 0x2C, 0x00, 0x0B, 0xC0, 0x72, 0x9F, 0x73,
0xF1, 0xC7, 0x02, 0xC0, 0x1D, 0x14, 0xCC, 0x43, 0x80, 0x03, 0x62, 0x79, 0x38, 0x50, 0xF6, 0x87,
0x06, 0x50, 0xB8, 0x01, 0x54, 0x94, 0x69, 0xE8, 0x61, 0xC4, 0xC2, 0x64, 0x08, 0xB8, 0x29, 0x32,
0xFC, 0xB0, 0x45, 0x00, 0xEC, 0x7D, 0xA1, 0xAF, 0x01, 0x11, 0xF6, 0xE9, 0xDF, 0x97, 0x9E, 0x4B,
0x68, 0x25, 0xC1, 0x42, 0xF6, 0xA3, 0x1A, 0xB0, 0xCE, 0xC1, 0x3F, 0xE0, 0x0D, 0xE0, 0x1E, 0x2F,
0xDF, 0x61, 0x02, 0x43, 0x22, 0xFC, 0xBB, 0x8D, 0xEE, 0xA2, 0x20, 0x7F, 0x65, 0x15, 0x56, 0x00,
0x6A, 0x00, 0x12, 0xA2, 0xEB, 0xB3, 0x00, 0xC1, 0xF7, 0xD7, 0xBF, 0x88, 0xBF, 0x1F, 0x88, 0x08,
0x20, 0xE1, 0xB6, 0xC0, 0xCA, 0x47, 0x00, 0x84, 0x79, 0x96, 0x5E, 0x03, 0xAA, 0x24, 0x50, 0x0F,
0xD0, 0x25, 0x0E, 0xE0, 0x6E, 0xAB, 0xA8, 0xC3, 0x4D, 0x80, 0x04, 0x40, 0x97, 0x0F, 0x25, 0x10,
0x1D, 0xEA, 0x00, 0x95, 0x1F, 0x07, 0x49, 0xFF, 0xEE, 0xAC, 0x28, 0xFF, 0x91, 0xC5, 0x77, 0x31,
0x72, 0x26, 0x00, 0xB1, 0x47, 0x00, 0x7D, 0xF7, 0x63, 0x25, 0xF1, 0x93, 0x00, 0x56, 0x00, 0x4C,
0x0D, 0xB8, 0x60, 0xF9, 0xC3, 0x07, 0x2C, 0x7D, 0x65, 0x3E, 0x1E, 0xD0, 0x52, 0x56, 0xF1, 0x52,
0x12, 0x07, 0x70, 0x57, 0xDB, 0xF9, 0xBB, 0x21, 0x7F, 0xB8, 0x7A, 0x60, 0xF9, 0xAA, 0xD0, 0x02,
0xC0, 0x70, 0x0F, 0x65, 0x5F, 0xA1, 0xF8, 0xC0, 0x97, 0x8C, 0x44, 0x8B, 0x2E, 0x7A, 0xA5, 0x14,
0x37, 0x80, 0xC8, 0x01, 0x98, 0x19, 0x94, 0x7C, 0xC1, 0x3E, 0x8F, 0xD0, 0xBF, 0x48, 0xAB, 0x00,
0x89, 0x4D, 0xC0, 0x25, 0x27, 0x1F, 0xF0, 0x55, 0x95, 0x93, 0x4F, 0xA4, 0x04, 0x10, 0x0B, 0xB0,
0x46, 0xDB, 0xF8, 0x07, 0x78, 0x0B, 0x80, 0xB3, 0x87, 0x33, 0x80, 0xAA, 0xE4, 0xF4, 0x7F, 0x40,
0x90, 0x90, 0x66, 0x11, 0xFF, 0x97, 0xA7, 0xA2, 0xFC, 0xC7, 0xFE, 0x21, 0x0C, 0xA0, 0xC9, 0xC2,
0x07, 0x4F, 0xF7, 0xB7, 0x9D, 0x04, 0xF0, 0x0E, 0xF0, 0xA0, 0xE1, 0xC2, 0x6F, 0xDD, 0x6A, 0xC9,
0x01, 0x65, 0x0F, 0x0A, 0x20, 0x29, 0x01, 0xD8, 0x01, 0xBC, 0x97, 0xED, 0xFC, 0x49, 0x0B, 0x80,
0x15, 0xD0, 0x24, 0x5D, 0x20, 0x4E, 0x22, 0xF9, 0xD1, 0xC4, 0xBB, 0x3F, 0x70, 0xC5, 0xAB, 0xC2,
0xFC, 0x95, 0x99, 0x17, 0x39, 0x40, 0xD8, 0xC7, 0x96, 0x3E, 0x01, 0xDB, 0x12, 0xE2, 0x5D, 0x1E,
0x01, 0x84, 0x5D, 0x60, 0xE5, 0x2A, 0x7A, 0x27, 0xD2, 0x42, 0xAF, 0xFC, 0xD5, 0xEC, 0xE3, 0xF5,
0xEC, 0x76, 0x6B, 0xD4, 0x01, 0xB2, 0xBA, 0x80, 0xE1, 0xC6, 0x0C, 0xD8, 0x0E, 0x20, 0x5C, 0xBD,
0xE6, 0x21, 0xF0, 0xF7, 0xD1, 0x23, 0xE2, 0x5F, 0xB8, 0xFE, 0x43, 0x03, 0x60, 0x0E, 0x32, 0x88,
0x84, 0x25, 0x4C, 0xC0, 0xE7, 0xF1, 0xFB, 0x57, 0x95, 0xE4, 0x83, 0xE0, 0x48, 0x00, 0xCC, 0x59,
0x20, 0xE8, 0x02, 0x2F, 0x44, 0x01, 0x55, 0xA5, 0x58, 0x00, 0x39, 0x09, 0xDA, 0x6E, 0x01, 0x98,
0xBF, 0x2B, 0xF0, 0x6F, 0xF4, 0xC9, 0xEA, 0xF5, 0x25, 0xE3, 0x0F, 0xD3, 0x1F, 0x9E, 0x5B, 0x74,
0xED, 0x65, 0x71, 0xFE, 0xCA, 0x8A, 0xD9, 0xC7, 0x86, 0x06, 0x50, 0xFE, 0x04, 0xB8, 0xF4, 0x05,
0x71, 0x51, 0x09, 0x0D, 0x80, 0x3F, 0x08, 0x4E, 0x6B, 0x02, 0xD0, 0x5B, 0xF1, 0x13, 0x7D, 0x75,
0x65, 0x59, 0x40, 0x54, 0x03, 0x2C, 0xD7, 0x73, 0xA7, 0xBB, 0xE7, 0xFF, 0x01, 0xF0, 0x87, 0xE9,
0x8F, 0xAE, 0xB6, 0xF8, 0xFE, 0x0F, 0x6E, 0x01, 0x5C, 0x4F, 0xD8, 0xC6, 0x48, 0xB1, 0xB0, 0x2E,
0x4B, 0x1F, 0xFC, 0xD1, 0x3B, 0x4B, 0xAF, 0x00, 0x69, 0x4D, 0x00, 0x58, 0x6D, 0x17, 0x06, 0xFA,
0x4B, 0xE9, 0x35, 0x80, 0xAC, 0x27, 0x88, 0x1A, 0x75, 0x00, 0x20, 0x80, 0x60, 0x92, 0xC1, 0x3F,
0x80, 0xFC, 0xF1, 0xDA, 0xE9, 0x60, 0xF5, 0x6A, 0xF0, 0xCD, 0x58, 0x05, 0x4D, 0xB9, 0x55, 0x9F,
0x5E, 0x29, 0xBC, 0xD6, 0xAE, 0xFD, 0xDF, 0xE7, 0x3D, 0xF8, 0x2B, 0xEB, 0xC0, 0x8B, 0x54, 0x5C,
0x93, 0x36, 0x83, 0x9E, 0x05, 0xA1, 0xB9, 0xF8, 0x1B, 0xB4, 0x9C, 0x77, 0x3B, 0x0A, 0xA0, 0xF2,
0xD1, 0x42, 0x43, 0x58, 0xF8, 0x0F, 0xF0, 0x97, 0x6A, 0xB3, 0xD4, 0x47, 0x95, 0x11, 0x40, 0x57,
0xA7, 0x4D, 0x40, 0x10, 0x3C, 0x27, 0xF3, 0x37, 0xC9, 0x0E, 0x80, 0x2C, 0x9D, 0xC0, 0xBF, 0x99,
0x82, 0xAD, 0xBA, 0xEF, 0x65, 0xF2, 0xF8, 0xD1, 0xA5, 0x6E, 0x46, 0xFB, 0xF0, 0x9F, 0xD2, 0x8D,
0x0C, 0x12, 0x71, 0x24, 0x80, 0x6A, 0xC9, 0xCB, 0x4B, 0xA8, 0x11, 0x76, 0x96, 0xF7, 0x31, 0x6C,
0x01, 0x32, 0x04, 0xC0, 0x9C, 0x05, 0xBE, 0xAA, 0x9C, 0x33, 0x12, 0x42, 0x8F, 0xC6, 0x61, 0x2C,
0xE0, 0xF1, 0x69, 0x7B, 0xFE, 0x6B, 0x76, 0x2D, 0x95, 0x7F, 0x33, 0x16, 0xFB, 0x67, 0x3F, 0xE1,
0xDF, 0x85, 0xFC, 0x57, 0xC3, 0x7D, 0xF8, 0x2B, 0x1B, 0x22, 0xE3, 0xC8, 0x00, 0x1A, 0x32, 0x0C,
0xA0, 0x61, 0xB1, 0x0A, 0x00, 0xCF, 0xCB, 0xCA, 0xAB, 0xB4, 0x73, 0xC0, 0x94, 0xA3, 0xA0, 0xB7,
0xEC, 0x10, 0xF0, 0xA9, 0xCB, 0xD9, 0x53, 0x61, 0x01, 0x30, 0x16, 0xB0, 0xC8, 0xCE, 0x7F, 0xDF,
0x89, 0xE7, 0x7F, 0x33, 0x9D, 0x7E, 0x71, 0x11, 0x34, 0x13, 0xD2, 0xDF, 0xBE, 0x5F, 0xEC, 0x85,
0x5F, 0x99, 0xA7, 0x1A, 0x40, 0xD9, 0x9B, 0x40, 0x8A, 0x0D, 0xFF, 0xE9, 0xBF, 0x4D, 0xFB, 0x2C,
0x38, 0xBD, 0x06, 0x5C, 0xB9, 0x7C, 0xF8, 0xCD, 0x92, 0xA3, 0x41, 0x17, 0xB6, 0xA6, 0xEB, 0x74,
0x1B, 0x00, 0x2C, 0x40, 0xFC, 0xCD, 0xA1, 0x88, 0xBF, 0x19, 0xEE, 0x00, 0x50, 0x07, 0xA0, 0xD7,
0x6A, 0xB5, 0x46, 0x14, 0xC2, 0x80, 0xC9, 0x51, 0xEC, 0xE2, 0xC2, 0x6B, 0x44, 0x57, 0xF9, 0x7D,
0xBA, 0x1F, 0xFF, 0xE1, 0x7D, 0x10, 0xD0, 0x4D, 0x80, 0x06, 0x67, 0x51, 0xEC, 0xE2, 0xB6, 0x87,
0x2F, 0xC0, 0x43, 0x9B, 0xC0, 0xD4, 0x16, 0x20, 0x59, 0x00, 0x17, 0xC2, 0x18, 0x6E, 0x43, 0x92,
0x02, 0x80, 0xB3, 0xEA, 0xB6, 0x46, 0x1C, 0xC0, 0x0B, 0x82, 0x97, 0x18, 0x7F, 0x66, 0x07, 0xE8,
0xB7, 0xD3, 0xF8, 0x37, 0xB6, 0x47, 0x41, 0xFA, 0x08, 0x7F, 0xCD, 0xD6, 0xBB, 0xCB, 0xA7, 0xFD,
0xF8, 0x2B, 0xAB, 0x68, 0x27, 0xA3, 0xD9, 0xCC, 0x2C, 0x4A, 0x5F, 0x59, 0x01, 0x1D, 0xD8, 0x04,
0xE6, 0x12, 0x00, 0xD7, 0x04, 0x5C, 0x8A, 0x02, 0xD0, 0xE5, 0x5B, 0x00, 0x56, 0xC0, 0x73, 0xDC,
0xFF, 0x99, 0xFC, 0xD7, 0x44, 0xFE, 0x8D, 0x9C, 0xF8, 0x73, 0x2E, 0x75, 0xFC, 0x3D, 0x24, 0xFD,
0x27, 0xA3, 0x3D, 0xF1, 0x2B, 0x53, 0xF7, 0x40, 0x06, 0xA0, 0x8B, 0xEC, 0xCE, 0xB2, 0x5B, 0x00,
0xEE, 0xBE, 0xC0, 0x70, 0x23, 0x68, 0x1D, 0xAA, 0x06, 0x08, 0x16, 0x60, 0x32, 0xBF, 0x6F, 0x2B,
0x9E, 0xFF, 0x39, 0xF9, 0x37, 0x0B, 0x89, 0x20, 0xE9, 0xD5, 0x18, 0xBF, 0xDE, 0x5F, 0xEC, 0x9B,
0xFE, 0xCA, 0xD3, 0x26, 0xC5, 0x00, 0xA4, 0x57, 0x00, 0x76, 0x13, 0x18, 0x3F, 0x06, 0xCA, 0xDB,
0x04, 0xB8, 0x0D, 0x29, 0x81, 0xFC, 0x55, 0xD3, 0x7A, 0x4E, 0xE8, 0x00, 0xE6, 0x52, 0xE4, 0x8F,
0xEE, 0x02, 0x01, 0x0B, 0xE7, 0x38, 0x8E, 0xA6, 0xE9, 0xE8, 0x1D, 0xB5, 0xAC, 0xE1, 0x6A, 0x93,
0xF1, 0xB2, 0x5F, 0x63, 0xA2, 0xE8, 0x75, 0x61, 0xFA, 0x9A, 0x66, 0xAF, 0xC6, 0xCA, 0xDE, 0xB1,
0x00, 0x73, 0xF1, 0x70, 0x0F, 0x08, 0xE7, 0x51, 0xF4, 0xC2, 0x72, 0x84, 0x48, 0xEE, 0xE3, 0x96,
0x0A, 0x90, 0x2C, 0x80, 0x73, 0x71, 0x18, 0x4D, 0x9E, 0x02, 0x80, 0x01, 0x38, 0x0E, 0x16, 0x00,
0x50, 0x00, 0x3D, 0x0F, 0x8C, 0xF3, 0xEF, 0x51, 0xFE, 0x99, 0xD4, 0xF4, 0x35, 0xF0, 0x90, 0xF1,
0xAA, 0x51, 0x2B, 0xAE, 0x81, 0xF0, 0x6D, 0x36, 0xC4, 0xFF, 0x32, 0xDA, 0x1F, 0xBF, 0x32, 0x72,
0x4D, 0xEA, 0x00, 0x70, 0x22, 0xBA, 0x3C, 0xFE, 0x3D, 0x0E, 0x9B, 0xE7, 0x7A, 0xE7, 0x99, 0xA7,
0x00, 0x69, 0x4D, 0xC0, 0x5B, 0x51, 0x00, 0x96, 0x44, 0x0B, 0xD0, 0x23, 0x0B, 0x00, 0x0A, 0xC0,
0x87, 0x01, 0x3B, 0xF3, 0xA7, 0xD0, 0x26, 0xB8, 0x86, 0x8C, 0x5E, 0x40, 0x71, 0x29, 0xA2, 0x81,
0xE8, 0x1D, 0x1A, 0xC0, 0xAF, 0x4D, 0xA6, 0x4A, 0x19, 0x01, 0x4F, 0x33, 0x0E, 0x63, 0x00, 0x42,
0xF1, 0xF6, 0xDC, 0xB7, 0x5B, 0x5A, 0x00, 0xA6, 0x09, 0xE0, 0x6A, 0x80, 0x27, 0x44, 0x4D, 0x4E,
0x80, 0x0A, 0xAB, 0x6B, 0xC0, 0xDD, 0x23, 0x01, 0x04, 0x33, 0xCA, 0x1F, 0x2D, 0x1A, 0x29, 0x9C,
0xA8, 0x02, 0xC0, 0x17, 0xEB, 0xA9, 0xC3, 0xA0, 0xFF, 0x38, 0x09, 0x7B, 0x88, 0xE9, 0xAA, 0xAB,
0x69, 0x3A, 0x17, 0x79, 0x2E, 0x86, 0x84, 0xED, 0x80, 0xAB, 0xB2, 0x5F, 0xCA, 0xC1, 0x0F, 0x0B,
0x80, 0x19, 0x90, 0x3B, 0x1A, 0xE9, 0x44, 0x24, 0x2D, 0xA8, 0xC8, 0x4D, 0xDC, 0x04, 0xC6, 0x5B,
0x80, 0x94, 0x1A, 0x20, 0x0E, 0xE4, 0xD4, 0x1A, 0x25, 0x3F, 0xA2, 0x35, 0xD7, 0xA0, 0x00, 0xF0,
0x51, 0x00, 0x54, 0xC0, 0x33, 0x3A, 0xFF, 0xC3, 0xF9, 0xCF, 0xF1, 0xD7, 0xF8, 0x75, 0x6B, 0x88,
0xE4, 0x6C, 0x6D, 0xC2, 0x9E, 0xD5, 0x8D, 0x17, 0x8F, 0x20, 0xDB, 0x34, 0xDD, 0xCE, 0xA1, 0x02,
0x5E, 0x29, 0xB6, 0x06, 0x2E, 0xE9, 0xEB, 0x6C, 0x54, 0x0E, 0x7E, 0x58, 0x00, 0xC2, 0x0A, 0xE0,
0x3B, 0x3D, 0x87, 0x9D, 0x48, 0xC9, 0xAB, 0xEA, 0x88, 0xDC, 0xCE, 0xB7, 0xB6, 0x00, 0x31, 0x01,
0xE0, 0x1A, 0x20, 0x0E, 0x64, 0x49, 0xB7, 0x00, 0xA2, 0x00, 0x2F, 0xF8, 0x6B, 0x0C, 0xEF, 0xFF,
0x20, 0xF8, 0x19, 0xFE, 0x36, 0x87, 0xAF, 0x21, 0xD2, 0xB3, 0x35, 0x67, 0x22, 0x9C, 0xD5, 0x3E,
0xCD, 0x27, 0x0E, 0xD2, 0xC0, 0x0E, 0x61, 0xEB, 0x3D, 0x78, 0x3D, 0x9B, 0xC5, 0xB0, 0x24, 0xFC,
0xCA, 0xF0, 0x51, 0x34, 0x00, 0x9B, 0x4E, 0xA4, 0x51, 0xF6, 0x72, 0x5A, 0x02, 0x36, 0xBE, 0x02,
0x64, 0x0A, 0x80, 0xDF, 0x08, 0x9E, 0x24, 0xD4, 0x00, 0xA9, 0x16, 0x40, 0x8A, 0x00, 0x52, 0x40,
0x0F, 0xD3, 0x17, 0xF8, 0xEB, 0x22, 0xFF, 0x06, 0xC7, 0x5F, 0x8B, 0xF3, 0x47, 0xD9, 0xB7, 0xD8,
0xE0, 0xFD, 0x83, 0x9D, 0x0F, 0x3F, 0xCC, 0x7D, 0xE7, 0xFB, 0xB2, 0xAC, 0xE4, 0x47, 0x47, 0x40,
0x9D, 0x88, 0xBF, 0x2F, 0xCE, 0xA4, 0xE4, 0x45, 0x8D, 0x55, 0x80, 0x13, 0x71, 0x13, 0x98, 0x20,
0x80, 0xA4, 0x8F, 0x03, 0xE2, 0x35, 0xC0, 0x97, 0x92, 0xFC, 0x10, 0x9C, 0x06, 0x17, 0xDD, 0x37,
0xE0, 0x07, 0xD8, 0x48, 0x00, 0xB0, 0x0E, 0x10, 0xFD, 0xC2, 0x06, 0xB0, 0x8E, 0x05, 0xA0, 0x31,
0x99, 0xCC, 0xB9, 0xB6, 0x46, 0x46, 0x48, 0xE4, 0x8F, 0x34, 0xB0, 0x84, 0x1A, 0x80, 0x63, 0xF4,
0xB4, 0x8C, 0x40, 0x89, 0x0F, 0x9A, 0xCD, 0x72, 0xE9, 0x2B, 0xCA, 0x73, 0xA7, 0x13, 0x55, 0x00,
0x83, 0x4C, 0x25, 0x5F, 0x53, 0xB2, 0x73, 0xF8, 0xDB, 0x2A, 0xC0, 0xCF, 0x49, 0xFC, 0x13, 0x9B,
0x80, 0x58, 0x0D, 0x70, 0x6B, 0x12, 0x15, 0x40, 0x6A, 0x00, 0xF5, 0x00, 0x2F, 0xCA, 0x7F, 0xB0,
0x66, 0x21, 0x7F, 0x2D, 0x95, 0xBF, 0x93, 0xC1, 0x1F, 0xB5, 0x03, 0xCF, 0xB3, 0x8D, 0x16, 0xAA,
0xA0, 0x17, 0x43, 0xDF, 0xC3, 0xFF, 0xCD, 0xF9, 0x7B, 0x36, 0x1F, 0x2B, 0xE5, 0xC6, 0xC8, 0xC7,
0xFC, 0xD1, 0x1E, 0xC0, 0xF0, 0x59, 0x29, 0x97, 0xBF, 0xA2, 0xAE, 0x48, 0xED, 0x6D, 0x8E, 0x16,
0x20, 0xE9, 0xC6, 0xC0, 0xA4, 0x1A, 0xA0, 0x49, 0x52, 0x00, 0x25, 0x68, 0x50, 0x05, 0x40, 0x0D,
0xE0, 0xBD, 0x27, 0xF4, 0xFF, 0x6C, 0xFE, 0x61, 0xFA, 0xFB, 0x93, 0x6D, 0x35, 0x7B, 0xF8, 0xBC,
0x7C, 0xF9, 0xB3, 0xEB, 0xA4, 0x84, 0xFE, 0xE7, 0xCB, 0xB2, 0x74, 0xF8, 0xE8, 0x67, 0x41, 0x81,
0x01, 0xD0, 0xED, 0xAC, 0xCF, 0xF1, 0x2F, 0x5F, 0x00, 0x5A, 0x52, 0x05, 0xD8, 0xDA, 0x02, 0xA4,
0x6C, 0x04, 0x0F, 0x50, 0x03, 0xF8, 0x22, 0x40, 0xAA, 0x00, 0xD1, 0x80, 0x8B, 0x6F, 0x68, 0x2A,
0x8F, 0x3F, 0x60, 0x01, 0xBF, 0x46, 0xF3, 0xE5, 0x6C, 0xB5, 0xDE, 0xFC, 0xA7, 0x8F, 0xB9, 0xF7,
0xBF, 0x7C, 0x5F, 0xAF, 0x66, 0x8B, 0xF9, 0xF4, 0x49, 0x91, 0x13, 0x2F, 0x9D, 0x04, 0x03, 0x90,
0xC4, 0x3F, 0xD6, 0x02, 0x26, 0x57, 0x80, 0xB8, 0x00, 0x52, 0x6A, 0x40, 0xC0, 0x87, 0xB7, 0x53,
0x33, 0x9D, 0x2F, 0x30, 0xC0, 0x76, 0xBB, 0x0D, 0x61, 0x18, 0xF5, 0x3A, 0x60, 0xAE, 0x5A, 0x2A,
0xC0, 0xAF, 0xBA, 0xAA, 0xD5, 0xB2, 0x5A, 0x7E, 0xBD, 0x0E, 0xAB, 0xA6, 0x03, 0x5E, 0xD1, 0xD6,
0x18, 0x19, 0x50, 0xF3, 0x0E, 0xDF, 0x39, 0x19, 0x2A, 0x47, 0x19, 0x8B, 0x0E, 0x14, 0x80, 0x19,
0x90, 0x76, 0xC6, 0xC0, 0x73, 0xE1, 0x04, 0x5D, 0xE2, 0x6A, 0x8A, 0xC8, 0xDC, 0x7C, 0x15, 0x20,
0xB1, 0x06, 0x54, 0x4E, 0xAE, 0x84, 0xD1, 0x02, 0x47, 0xB2, 0x00, 0x50, 0x11, 0x68, 0xC1, 0xC4,
0x6F, 0xD1, 0xDB, 0x5A, 0xEB, 0xBE, 0x93, 0x87, 0xBF, 0x7F, 0xAC, 0xFC, 0xA7, 0x66, 0x68, 0x00,
0xD4, 0x01, 0xE4, 0xF1, 0xD7, 0x0D, 0x91, 0xD8, 0xD5, 0x49, 0x25, 0x4F, 0x05, 0x48, 0xDE, 0x08,
0x56, 0xCE, 0xC5, 0xE1, 0x5C, 0x5D, 0xBA, 0x02, 0x8C, 0xBA, 0x8F, 0xF0, 0x83, 0xE4, 0x07, 0xDD,
0x7F, 0xDD, 0x30, 0xF2, 0xF0, 0xF7, 0x8F, 0x36, 0xFF, 0x41, 0x03, 0xC8, 0x18, 0x80, 0x5F, 0x77,
0x18, 0x03, 0x90, 0xB0, 0x98, 0x2E, 0x10, 0x1A, 0xF7, 0x64, 0x2B, 0x40, 0xFA, 0x26, 0x30, 0xAD,
0x06, 0x9C, 0x8A, 0x86, 0x12, 0xB4, 0x65, 0x09, 0x20, 0x54, 0x80, 0x0F, 0x24, 0x50, 0xC7, 0x3F,
0xD1, 0x0C, 0xCC, 0xDF, 0x08, 0xF3, 0x5F, 0xFB, 0x21, 0xFD, 0x7F, 0xF8, 0x88, 0xF1, 0x63, 0xFE,
0x2D, 0xC9, 0x05, 0x40, 0x6F, 0x43, 0x46, 0xA6, 0x17, 0x3D, 0xBC, 0xD3, 0x9C, 0x15, 0x20, 0xA5,
0x06, 0xBC, 0x37, 0x85, 0xB0, 0xB4, 0xD2, 0xA3, 0x4D, 0x82, 0xF4, 0xE2, 0x06, 0x70, 0xC9, 0x7A,
0xBD, 0xDE, 0x6A, 0x81, 0x6F, 0xE0, 0xEF, 0x06, 0xF9, 0x67, 0xFA, 0xAA, 0xF8, 0x5B, 0x80, 0x60,
0x5A, 0x9B, 0x63, 0xE5, 0xBF, 0xB9, 0xA5, 0x06, 0x80, 0x14, 0x40, 0x0C, 0x8D, 0x99, 0x4A, 0xB9,
0x61, 0x81, 0xFF, 0x95, 0x67, 0x06, 0x26, 0x7D, 0x7A, 0xEF, 0xF3, 0x56, 0x80, 0x94, 0x1A, 0x70,
0x06, 0x0F, 0xE4, 0x99, 0x87, 0x19, 0xC8, 0x13, 0x40, 0xA8, 0x00, 0x58, 0x05, 0x0C, 0xFC, 0x30,
0x9C, 0xC8, 0x02, 0x7E, 0x40, 0xFE, 0xCA, 0x9A, 0xE7, 0xDF, 0x62, 0x67, 0x23, 0x81, 0x7F, 0x1B,
0x31, 0x32, 0x23, 0x0F, 0x30, 0xCF, 0x72, 0x57, 0x00, 0xBC, 0x11, 0x14, 0x6A, 0xC0, 0x2F, 0xBF,
0x5E, 0x71, 0xF9, 0x0F, 0x46, 0x37, 0x64, 0xE1, 0x8F, 0x14, 0xE0, 0xF8, 0x50, 0x04, 0x46, 0x98,
0xFC, 0x5B, 0xF8, 0x5B, 0xAD, 0x63, 0xF5, 0x7F, 0x65, 0x05, 0xF9, 0x43, 0x01, 0x78, 0x4C, 0x05,
0x90, 0x68, 0x00, 0x86, 0x49, 0x1D, 0x80, 0xC4, 0xD5, 0xAF, 0xB9, 0x2B, 0x40, 0xCA, 0x59, 0xD0,
0x39, 0x6F, 0x00, 0x60, 0x78, 0x09, 0xE0, 0x63, 0x0A, 0x10, 0xA2, 0xFD, 0x83, 0xE6, 0xFF, 0x8C,
0xCB, 0x7F, 0xB5, 0x25, 0xBB, 0x00, 0x68, 0x21, 0x7B, 0x0A, 0xEC, 0x3C, 0xDF, 0x29, 0x50, 0x46,
0x0D, 0x38, 0x15, 0x9B, 0x00, 0xD3, 0x68, 0xEF, 0x19, 0x4E, 0x46, 0x18, 0x09, 0x21, 0x08, 0x81,
0x7B, 0x25, 0xE8, 0x15, 0xAC, 0xA3, 0xE5, 0xBF, 0xBC, 0xBD, 0x65, 0x14, 0xA0, 0x02, 0x03, 0xA8,
0x33, 0x13, 0x6A, 0x97, 0x1F, 0x86, 0xC8, 0x2A, 0x38, 0xCD, 0x5F, 0x01, 0x52, 0xF6, 0x01, 0xF1,
0x36, 0xD0, 0x95, 0x46, 0x3F, 0x51, 0x01, 0x4E, 0x16, 0x7F, 0xEB, 0x98, 0xF9, 0x2F, 0x6E, 0x69,
0x01, 0x88, 0xF8, 0xD7, 0x65, 0xF2, 0x6F, 0x7B, 0x22, 0x2B, 0xD0, 0x02, 0xE6, 0xAF, 0x00, 0x09,
0x35, 0x00, 0x7E, 0x26, 0x7C, 0x56, 0xA2, 0x05, 0x38, 0x39, 0x22, 0x8D, 0x7E, 0x5A, 0xFE, 0x4F,
0x8E, 0x98, 0x3F, 0x9F, 0xFF, 0x2D, 0xC9, 0xF9, 0x1F, 0x37, 0x00, 0xEF, 0x0C, 0x7F, 0x12, 0x9C,
0xAF, 0x02, 0x30, 0x35, 0x80, 0xB5, 0x80, 0x37, 0xAE, 0x38, 0xEC, 0xE0, 0x73, 0xB1, 0x30, 0x72,
0x47, 0x1D, 0x86, 0xF0, 0x6F, 0xDC, 0x18, 0xE8, 0x05, 0x60, 0xA7, 0xA8, 0xAA, 0x9B, 0x23, 0xE7,
0x4F, 0x04, 0x30, 0x18, 0xA8, 0xC8, 0x02, 0xE8, 0xB4, 0x3E, 0xCB, 0x88, 0x41, 0xCC, 0xAC, 0x5F,
0xC7, 0x3E, 0x07, 0xC8, 0x14, 0x40, 0xE2, 0x7D, 0x41, 0xA0, 0x0D, 0x34, 0x3B, 0xDC, 0xC3, 0x34,
0x4A, 0xC0, 0x5F, 0x8F, 0x47, 0x96, 0x24, 0x84, 0x41, 0xD0, 0xEB, 0xAD, 0x63, 0xE6, 0xBF, 0xBC,
0xBD, 0xBB, 0xED, 0xDC, 0x12, 0xFE, 0x37, 0xDE, 0xC0, 0x55, 0xD1, 0xC1, 0x86, 0x4C, 0x01, 0x18,
0x22, 0xA8, 0xCE, 0x79, 0x74, 0x08, 0x90, 0xA7, 0x02, 0x88, 0x35, 0x20, 0x6C, 0x03, 0x3B, 0x82,
0xB0, 0xD4, 0x3D, 0xF1, 0xD7, 0x33, 0x22, 0x0B, 0x3F, 0xCF, 0xFF, 0xA8, 0xF3, 0x7F, 0x79, 0x77,
0x4B, 0x2B, 0x40, 0xE0, 0x7D, 0xF2, 0x40, 0xFE, 0x03, 0xFE, 0x96, 0x5C, 0x03, 0x50, 0x63, 0xC5,
0x3A, 0x6C, 0x01, 0xF3, 0x55, 0x80, 0x94, 0x1A, 0x00, 0xDB, 0x40, 0xC1, 0x02, 0xF6, 0xC1, 0x5F,
0xDF, 0x16, 0xE9, 0xFC, 0x3F, 0x8B, 0xF9, 0x7F, 0xBC, 0xFB, 0xFF, 0xBB, 0xB0, 0x01, 0xF8, 0x06,
0x0B, 0x80, 0x4B, 0xFC, 0x5F, 0x26, 0xFF, 0xCF, 0x62, 0xFE, 0x07, 0xB1, 0x16, 0x70, 0xAB, 0x00,
0x92, 0x6A, 0xC0, 0x2F, 0x27, 0x1F, 0x3A, 0x62, 0xA8, 0xC6, 0x4E, 0x11, 0xC1, 0x6D, 0xE5, 0x8A,
0x34, 0x41, 0xB0, 0x83, 0xA8, 0xEA, 0xF1, 0xE6, 0xFF, 0x70, 0x7D, 0x77, 0x07, 0x2B, 0x00, 0xED,
0x00, 0x2C, 0x18, 0xF0, 0x1A, 0x00, 0x00, 0x1A, 0x4E, 0x49, 0x44, 0x41, 0x54, 0x6E, 0x80, 0x01,
0xA8, 0xEC, 0xCC, 0x0C, 0x19, 0xA1, 0xC6, 0x30, 0x7D, 0x88, 0x0E, 0x01, 0xF2, 0x55, 0x80, 0xE8,
0x07, 0x44, 0xB8, 0xA3, 0x80, 0x93, 0xF7, 0x1D, 0x41, 0x5B, 0xE6, 0xFE, 0xF8, 0xBF, 0xAE, 0x97,
0xF3, 0xE9, 0x68, 0xFC, 0xF4, 0x34, 0x1E, 0x4D, 0xE7, 0xCB, 0xF5, 0xD7, 0x54, 0x05, 0x24, 0xF2,
0xB7, 0x20, 0xFF, 0x63, 0xCD, 0xFF, 0xF1, 0xE3, 0xDD, 0x5D, 0xD4, 0x01, 0x7E, 0x03, 0xFC, 0x81,
0x01, 0xA8, 0xB2, 0xF9, 0x1B, 0xD9, 0x06, 0xF0, 0xCF, 0x7F, 0xFC, 0x94, 0x53, 0x00, 0xF1, 0xFB,
0x82, 0x4E, 0xCE, 0xF6, 0xB1, 0x80, 0x04, 0xFC, 0xEA, 0x66, 0x11, 0xFB, 0x69, 0x8B, 0xE9, 0x62,
0xA3, 0xB6, 0xAC, 0x04, 0x09, 0x88, 0x23, 0x85, 0xF9, 0x7F, 0xB4, 0x9F, 0xFF, 0xDE, 0x8B, 0xF9,
0xEF, 0xF2, 0x06, 0x60, 0x1C, 0xC8, 0x00, 0xCE, 0x4E, 0x72, 0xDE, 0x0B, 0xB4, 0xED, 0x28, 0xA0,
0xF2, 0xE6, 0xAA, 0xB8, 0x05, 0x88, 0xFC, 0x2D, 0xD5, 0x4E, 0xFB, 0x61, 0x8B, 0xD1, 0xCC, 0x56,
0xE3, 0x0A, 0x48, 0x2C, 0x00, 0xD6, 0xF1, 0xF2, 0x7F, 0x76, 0xC5, 0xFC, 0x57, 0x49, 0xFE, 0x4B,
0xE5, 0x1F, 0x33, 0x80, 0xCE, 0xD5, 0x9B, 0xCA, 0x4E, 0x87, 0x00, 0x59, 0x6D, 0xE0, 0x65, 0xDC,
0x02, 0xEA, 0xF9, 0x82, 0x73, 0x76, 0x98, 0xB7, 0xF7, 0xCB, 0x8C, 0xBB, 0x2E, 0xC7, 0x4B, 0x1B,
0xBE, 0x46, 0x4D, 0xAC, 0x07, 0xEC, 0x30, 0x83, 0xC1, 0xD1, 0xDE, 0xFF, 0x75, 0x7B, 0x77, 0x07,
0x15, 0x40, 0x05, 0xF0, 0xE9, 0x66, 0xE0, 0x0D, 0xB8, 0x29, 0xD5, 0xA5, 0xC4, 0x20, 0x86, 0xE8,
0x72, 0xF7, 0x16, 0x30, 0xE1, 0x23, 0x41, 0xDC, 0x06, 0xFE, 0x3B, 0x10, 0x47, 0x37, 0x77, 0xE7,
0x8F, 0xD0, 0xBE, 0x6C, 0xB9, 0xE9, 0x76, 0x3C, 0x4B, 0x53, 0x00, 0x33, 0x8E, 0x3B, 0x18, 0x1C,
0x69, 0xFF, 0xF7, 0xB4, 0xFE, 0x03, 0xE1, 0x0F, 0xB7, 0x00, 0x9F, 0x6E, 0x6E, 0x06, 0x87, 0xE0,
0x5F, 0x37, 0x45, 0x42, 0xC1, 0xBB, 0xC4, 0x16, 0x70, 0x9B, 0x00, 0xB8, 0x9F, 0x13, 0x8E, 0x2C,
0xE0, 0x3C, 0xA6, 0xAF, 0xC1, 0x8E, 0xFC, 0x11, 0xD7, 0x2F, 0x39, 0x7E, 0xD0, 0x72, 0xFA, 0x25,
0x26, 0x01, 0xA1, 0x83, 0x00, 0x06, 0x70, 0xA4, 0xF9, 0x3F, 0x7A, 0xC4, 0xE9, 0xCF, 0xE4, 0xBF,
0x17, 0x75, 0x00, 0x32, 0xF9, 0xC7, 0x0D, 0xE0, 0x9C, 0x6B, 0x01, 0xFF, 0xF5, 0x53, 0xBE, 0x0A,
0x90, 0xD8, 0x06, 0xBE, 0xAA, 0x9C, 0x9C, 0x9A, 0x45, 0x2C, 0x40, 0xE0, 0x3F, 0x58, 0xE7, 0xC1,
0xF6, 0x34, 0x5C, 0x0F, 0x62, 0x26, 0xD0, 0xFA, 0x21, 0xF8, 0xCF, 0x83, 0xBB, 0x3F, 0x04, 0xFF,
0x3F, 0x50, 0xFE, 0xC7, 0x0D, 0xC0, 0x3C, 0x15, 0x4F, 0x01, 0x7F, 0xCE, 0x65, 0x00, 0x29, 0xA7,
0x81, 0x27, 0x17, 0x31, 0x85, 0xDD, 0xB4, 0x72, 0x06, 0x62, 0x3F, 0x18, 0xDC, 0xA8, 0xB9, 0x7F,
0xC5, 0xDA, 0x52, 0x05, 0xEB, 0x96, 0xA8, 0x02, 0x3C, 0x54, 0x6F, 0x7C, 0x8C, 0xF8, 0x87, 0x2B,
0x84, 0x9F, 0x1A, 0xC0, 0x37, 0xF3, 0xDB, 0xB7, 0x4F, 0x48, 0x01, 0x83, 0x0C, 0x39, 0x97, 0x14,
0x37, 0xFF, 0x63, 0xEF, 0xEC, 0x7D, 0xDB, 0x46, 0xD2, 0x30, 0x9E, 0xDB, 0xBB, 0x3D, 0xE4, 0x70,
0x38, 0xAD, 0x1C, 0x5B, 0x85, 0x62, 0xC0, 0x85, 0x21, 0x57, 0x2A, 0x5C, 0xA4, 0x4C, 0x71, 0xA5,
0xA2, 0x62, 0xDD, 0xF1, 0x9F, 0x50, 0x9B, 0xDA, 0x95, 0x9A, 0x40, 0x82, 0xC0, 0x8A, 0x0D, 0x1B,
0x76, 0x42, 0x44, 0x2B, 0xC0, 0x22, 0x45, 0xD2, 0x1C, 0x8C, 0x6C, 0x49, 0x80, 0x80, 0x7A, 0xBB,
0x08, 0xB0, 0x04, 0x3B, 0x1B, 0x36, 0x6C, 0xCB, 0x92, 0x65, 0x21, 0xB8, 0xF9, 0xE2, 0x7C, 0x53,
0x12, 0x49, 0x91, 0x32, 0xE0, 0xBC, 0x74, 0xB3, 0x1B, 0x9B, 0xA4, 0xE7, 0x79, 0xE6, 0xF7, 0x3E,
0x33, 0x94, 0x2C, 0x59, 0x1D, 0xFB, 0xF0, 0x55, 0xD2, 0x5D, 0xC0, 0xC5, 0x31, 0xB0, 0xD2, 0xB7,
0xA5, 0xA3, 0x9F, 0x50, 0xFF, 0x4F, 0x09, 0x3E, 0x61, 0x67, 0xF2, 0x35, 0xC6, 0x01, 0xE8, 0x5C,
0xED, 0x76, 0xB6, 0xBF, 0xD6, 0x9A, 0x13, 0xFE, 0xBF, 0x58, 0xF1, 0xFA, 0xE7, 0x6D, 0x80, 0xBE,
0x2C, 0xCF, 0xC7, 0x4A, 0xAA, 0x08, 0xA8, 0x8F, 0x81, 0xD0, 0x01, 0xDB, 0x69, 0x11, 0x80, 0xE5,
0x07, 0xFA, 0x27, 0xD2, 0xEC, 0x0E, 0x39, 0x40, 0x99, 0x3A, 0xC4, 0x4B, 0xED, 0xD3, 0xD3, 0xFB,
0x9B, 0x27, 0xA6, 0xFF, 0xB4, 0x8F, 0xE4, 0xA7, 0xFA, 0x83, 0x3A, 0xED, 0x80, 0x35, 0x20, 0x8A,
0x00, 0x85, 0x03, 0xA0, 0x7F, 0xB8, 0xCD, 0xD6, 0x80, 0x49, 0x22, 0x60, 0xEC, 0x6E, 0x60, 0x79,
0xA7, 0x6F, 0x4B, 0xD5, 0x7F, 0xBF, 0x42, 0x21, 0xBD, 0x80, 0x62, 0xED, 0x64, 0x9F, 0xB0, 0x75,
0x33, 0x81, 0xB3, 0x87, 0xCE, 0x1F, 0xF1, 0x6C, 0x9D, 0x4E, 0x10, 0x7C, 0xBC, 0x1C, 0x3F, 0xAD,
0xF4, 0x67, 0x59, 0x08, 0x00, 0xB6, 0xCB, 0x00, 0x80, 0x08, 0x10, 0x19, 0x39, 0xD7, 0x52, 0xB5,
0xD9, 0x49, 0xB1, 0x0B, 0x18, 0x17, 0x03, 0xF1, 0x4A, 0x70, 0xFB, 0x50, 0xBE, 0x88, 0x1D, 0xBC,
0xFF, 0xB0, 0xE0, 0xE0, 0xF5, 0xEF, 0x74, 0x12, 0xFF, 0x89, 0xD5, 0x87, 0x0E, 0x5C, 0x41, 0x4B,
0x0E, 0x40, 0xA7, 0x03, 0xFA, 0x9F, 0x06, 0x41, 0xFF, 0xE3, 0xFD, 0x93, 0x49, 0x82, 0x37, 0x0F,
0x36, 0xC6, 0x7F, 0x14, 0x00, 0x11, 0x00, 0xDA, 0xA4, 0x03, 0x70, 0xBF, 0xC1, 0x87, 0x7C, 0x8E,
0x40, 0x91, 0xE6, 0x70, 0x5B, 0x5E, 0x03, 0xFE, 0xBA, 0x32, 0x00, 0xC4, 0x18, 0xC8, 0x52, 0x40,
0x1A, 0x04, 0x7C, 0xC7, 0xC0, 0xEE, 0x74, 0x1E, 0x93, 0x8F, 0xEA, 0xA3, 0x86, 0x01, 0xE4, 0x6C,
0x70, 0x78, 0xC1, 0x28, 0x7F, 0x7E, 0x22, 0x49, 0x60, 0x0C, 0xA7, 0x3F, 0xC9, 0xFF, 0x4C, 0xFF,
0xCE, 0x29, 0x5C, 0x03, 0xF2, 0xFA, 0x7F, 0xD8, 0x14, 0x00, 0x92, 0x44, 0x40, 0x5D, 0x0C, 0x4C,
0x85, 0x00, 0x01, 0xD9, 0xFF, 0x4B, 0x31, 0x59, 0x2F, 0xFE, 0x52, 0x08, 0xCA, 0x3A, 0x40, 0x80,
0x92, 0xAE, 0x7D, 0xFB, 0x04, 0x96, 0x03, 0x17, 0xF7, 0xAE, 0x45, 0xE2, 0x9F, 0xCB, 0xFA, 0x7F,
0x00, 0x8C, 0xAA, 0xF2, 0x3F, 0x1F, 0x02, 0xAC, 0x06, 0x80, 0x64, 0x06, 0x58, 0x0D, 0x01, 0x76,
0x67, 0xD1, 0xD4, 0x27, 0x6A, 0x41, 0xBD, 0x52, 0xF5, 0xEB, 0x3B, 0xD8, 0x44, 0xA9, 0x09, 0xA2,
0xF3, 0xB5, 0x29, 0x00, 0xC0, 0xF5, 0xDD, 0xF3, 0x87, 0x4D, 0x87, 0xC1, 0xE9, 0xB9, 0x67, 0x49,
0x00, 0x40, 0x06, 0x80, 0x01, 0x20, 0x42, 0x58, 0xBE, 0x31, 0xA0, 0x63, 0xAF, 0x0A, 0x80, 0x55,
0x0D, 0xA0, 0x45, 0xC0, 0x6F, 0x3A, 0x04, 0xF4, 0x57, 0xD0, 0x1F, 0x8C, 0xC5, 0x8F, 0x74, 0x63,
0xFB, 0x43, 0x76, 0x00, 0x3C, 0xE1, 0x69, 0x07, 0x8F, 0x2F, 0x34, 0x00, 0x9C, 0x76, 0x9F, 0x27,
0x9B, 0xA5, 0xBF, 0x17, 0xA9, 0x1F, 0x6D, 0x00, 0x83, 0x5B, 0xC3, 0xFA, 0x9F, 0x16, 0xA3, 0xBF,
0xDA, 0x00, 0xEC, 0xFD, 0x6D, 0x75, 0x13, 0x28, 0x01, 0x00, 0x24, 0x04, 0xFC, 0x92, 0x02, 0x01,
0x91, 0x5E, 0x70, 0x14, 0x3A, 0x41, 0xDA, 0x7D, 0x9B, 0xEB, 0x6F, 0x92, 0x03, 0x28, 0x51, 0xC0,
0x18, 0x63, 0x02, 0xB8, 0x00, 0xBF, 0xF3, 0x8D, 0xAD, 0x07, 0xAE, 0x6E, 0x2D, 0x55, 0x7F, 0x22,
0xBF, 0xC8, 0xAE, 0xF7, 0x1B, 0x02, 0xC0, 0x2F, 0xA9, 0x00, 0xA0, 0xDD, 0x0C, 0x82, 0x08, 0xD8,
0x57, 0xAF, 0xF5, 0x7D, 0x05, 0x00, 0xA4, 0xFE, 0x8C, 0xAD, 0x7B, 0x3C, 0x94, 0x74, 0x22, 0xB5,
0xE9, 0x29, 0x49, 0x0F, 0x70, 0x91, 0x03, 0xAC, 0xDB, 0x8D, 0x58, 0xE0, 0x7A, 0xA6, 0xCA, 0x4F,
0xF1, 0x2F, 0x4C, 0xFF, 0x3C, 0xF5, 0xFF, 0x1E, 0x0B, 0x80, 0x7F, 0xA7, 0x06, 0x40, 0x2C, 0x02,
0x0E, 0xD4, 0x8B, 0x05, 0xDF, 0x35, 0xD5, 0x26, 0x4A, 0x61, 0xAD, 0x3E, 0xA5, 0x4E, 0x6A, 0xD7,
0x9F, 0xE8, 0x6C, 0xEA, 0xD0, 0x53, 0x46, 0xFA, 0xFB, 0x3E, 0x34, 0x80, 0x05, 0x0D, 0xE0, 0x59,
0x8F, 0x57, 0x85, 0xCF, 0xFE, 0x99, 0xEB, 0x59, 0xAC, 0xFD, 0x03, 0x07, 0xF8, 0x7E, 0xDF, 0x20,
0x00, 0xE0, 0xEE, 0x99, 0xF7, 0x41, 0x1E, 0xA5, 0x24, 0x40, 0xF7, 0xE3, 0x41, 0x66, 0x00, 0x68,
0x37, 0x83, 0x20, 0x02, 0xDE, 0xD8, 0xAE, 0x74, 0xD8, 0xED, 0x18, 0xFD, 0xDB, 0x54, 0xAB, 0x0C,
0x1F, 0xB2, 0x38, 0x0B, 0x78, 0x9E, 0xF2, 0x06, 0x80, 0x0E, 0x20, 0x04, 0x00, 0x16, 0xF0, 0x80,
0x05, 0x0A, 0xA5, 0xC0, 0xD5, 0xA3, 0xEB, 0x79, 0x1E, 0xD9, 0xFC, 0xC1, 0x00, 0xF0, 0xE9, 0xFC,
0x2F, 0x52, 0x7F, 0xD0, 0x00, 0x64, 0x49, 0xDE, 0xC8, 0x00, 0xF8, 0x5B, 0x62, 0x00, 0x28, 0xFB,
0xC1, 0x11, 0x02, 0x4A, 0x35, 0x4D, 0x13, 0x58, 0x02, 0x80, 0x8F, 0x19, 0x94, 0x19, 0x07, 0x1A,
0x04, 0x20, 0xF9, 0x03, 0x9F, 0x3A, 0x00, 0x32, 0x00, 0x58, 0xC0, 0x9B, 0x17, 0xB6, 0x2D, 0x30,
0x7E, 0xB4, 0x22, 0xF9, 0x2D, 0x41, 0xFF, 0xA8, 0x03, 0x04, 0x45, 0xE9, 0xAF, 0x36, 0x80, 0x7E,
0xAD, 0xC4, 0x01, 0xE0, 0x1F, 0x29, 0x01, 0x10, 0x8B, 0x80, 0xAA, 0x8A, 0x80, 0x60, 0x09, 0x00,
0x2E, 0xB3, 0x0C, 0xF5, 0xA5, 0xE8, 0x00, 0x09, 0x01, 0xD8, 0x01, 0x16, 0x76, 0x00, 0xD0, 0xE4,
0xCB, 0xB4, 0x80, 0x45, 0xE1, 0xCD, 0xE4, 0x92, 0xA8, 0xCF, 0xCB, 0x0F, 0xF4, 0x37, 0x38, 0xFC,
0x83, 0xD5, 0x4A, 0x21, 0xFA, 0x07, 0x2A, 0x00, 0xAA, 0x02, 0x00, 0x5E, 0xA6, 0x03, 0x40, 0x2C,
0x02, 0xCA, 0x75, 0x57, 0x2E, 0x9B, 0x5A, 0xBD, 0xCD, 0xA4, 0xE7, 0x74, 0xCA, 0xF2, 0x31, 0xAB,
0xFF, 0x7D, 0xF0, 0x79, 0xA6, 0xB2, 0xD3, 0x82, 0xC1, 0xF6, 0xA1, 0xFE, 0x0C, 0x01, 0x70, 0x4E,
0x7A, 0xDE, 0xF9, 0x2C, 0xE7, 0x30, 0x70, 0xFD, 0xF0, 0x15, 0x5D, 0x08, 0x3B, 0x20, 0xDA, 0xFD,
0x07, 0x06, 0x00, 0x16, 0xF0, 0xC5, 0x0E, 0x20, 0xB4, 0x81, 0x7C, 0xAA, 0x63, 0x2B, 0x72, 0xD4,
0xCB, 0x6B, 0x01, 0x80, 0x1E, 0x01, 0xFF, 0x79, 0xB5, 0x5D, 0x91, 0x1D, 0xE7, 0xBA, 0xFE, 0x02,
0x03, 0x80, 0x51, 0xC9, 0xD4, 0x9B, 0xC7, 0x7E, 0x1F, 0x88, 0xAD, 0x71, 0x40, 0xC0, 0x3B, 0xC0,
0x8A, 0xBA, 0x80, 0x17, 0x82, 0x4E, 0x30, 0xB9, 0xC9, 0x6F, 0xF2, 0xCF, 0x2D, 0x78, 0x09, 0x75,
0xFE, 0xFB, 0xAC, 0xFF, 0xF3, 0xB7, 0x9A, 0xB3, 0xFE, 0x6D, 0xDF, 0x55, 0x80, 0x5C, 0xC1, 0x9B,
0x80, 0x59, 0x01, 0xA0, 0x3C, 0x12, 0xA2, 0x08, 0x38, 0x54, 0x08, 0xE0, 0x06, 0x0B, 0x00, 0xE0,
0x7F, 0xCB, 0x36, 0xE4, 0xDF, 0x54, 0x04, 0xE8, 0x18, 0x40, 0x20, 0x00, 0x4C, 0x10, 0x86, 0x61,
0xFF, 0x31, 0x97, 0x34, 0x30, 0x9E, 0x9D, 0x73, 0x93, 0x9F, 0xC9, 0x8F, 0xA7, 0x7F, 0xD0, 0x37,
0x0A, 0xD7, 0x3F, 0x70, 0x15, 0x02, 0xEC, 0xAB, 0x00, 0xF8, 0x35, 0x15, 0x00, 0x68, 0x0F, 0xA0,
0x08, 0x20, 0x4F, 0x04, 0x0E, 0xFA, 0x9A, 0x26, 0xA0, 0xD4, 0xF1, 0xF1, 0x31, 0x14, 0x09, 0x8C,
0xCC, 0x6D, 0xB6, 0x51, 0xBF, 0x05, 0xA7, 0x40, 0x23, 0x0B, 0xCE, 0x48, 0x4E, 0x8C, 0x4E, 0x1D,
0x18, 0x86, 0xDF, 0x8F, 0x0C, 0x60, 0x12, 0x06, 0xE0, 0x36, 0x00, 0x3D, 0x70, 0x3E, 0x1B, 0xAF,
0x5B, 0xFD, 0x6F, 0xE0, 0xB4, 0x78, 0xFA, 0x13, 0x07, 0x80, 0xCB, 0x32, 0x03, 0xF8, 0x06, 0xD6,
0xFF, 0x98, 0xDC, 0x67, 0x21, 0xA5, 0x36, 0x80, 0xFE, 0x81, 0xF0, 0x14, 0x80, 0x01, 0x20, 0xB9,
0x01, 0x78, 0x04, 0xF0, 0x7B, 0x01, 0xE5, 0x37, 0xCA, 0x55, 0x5D, 0x5F, 0x63, 0x00, 0x3C, 0xFF,
0xFD, 0xFE, 0x7D, 0xB6, 0x81, 0xBF, 0x87, 0xAB, 0x6B, 0x83, 0x19, 0xA0, 0x13, 0x19, 0x00, 0xDB,
0x8B, 0x59, 0x80, 0x40, 0x80, 0xF3, 0xC0, 0xE3, 0x64, 0x4D, 0xCF, 0x8B, 0x6F, 0xEE, 0x66, 0x5F,
0x43, 0x28, 0x3F, 0x53, 0x9F, 0xAD, 0xFE, 0xB0, 0xFC, 0xC1, 0x26, 0xF4, 0xF7, 0xD5, 0xA9, 0xB8,
0x57, 0x56, 0xF6, 0x00, 0x52, 0x02, 0x80, 0x47, 0x00, 0xFF, 0x50, 0xF0, 0xB7, 0xED, 0x52, 0x4D,
0x75, 0xC0, 0xB1, 0xD6, 0x00, 0x50, 0x21, 0x3B, 0xE3, 0x56, 0xFD, 0x14, 0x0E, 0x30, 0x47, 0x00,
0xCE, 0x01, 0x3E, 0x75, 0x00, 0xB1, 0x80, 0x8C, 0x81, 0xD0, 0x9D, 0x3F, 0x64, 0x06, 0xC1, 0xD5,
0xC3, 0xDC, 0x8D, 0xD4, 0xF7, 0x04, 0xF5, 0xA3, 0xF6, 0x1F, 0x59, 0x14, 0xCB, 0x5F, 0x9C, 0xFE,
0xC7, 0xAA, 0x0E, 0x78, 0x09, 0xC8, 0x3F, 0x05, 0x48, 0x0F, 0x80, 0xD8, 0xED, 0xC0, 0xED, 0xAA,
0xBB, 0xB4, 0x09, 0xB0, 0x0E, 0x60, 0x67, 0x54, 0x60, 0x0C, 0x16, 0xD8, 0xBE, 0x21, 0xCC, 0x2D,
0xEC, 0x80, 0x2E, 0x65, 0x40, 0x64, 0x01, 0xEA, 0x00, 0xDE, 0x03, 0xE1, 0xF9, 0xED, 0x43, 0xEA,
0x3F, 0x02, 0x3D, 0x9E, 0xDE, 0xA2, 0xA9, 0x4F, 0xE6, 0x3E, 0x95, 0xDF, 0x12, 0xE4, 0xF7, 0x03,
0xD2, 0xFD, 0x0B, 0x95, 0x5F, 0xDB, 0x00, 0xE0, 0x12, 0x30, 0xD3, 0x63, 0x40, 0x9D, 0x01, 0xE4,
0x57, 0x07, 0x82, 0x1C, 0x68, 0x2A, 0xE5, 0x1F, 0x0B, 0xD5, 0x05, 0x65, 0x20, 0xFD, 0xED, 0x8C,
0xCB, 0xB2, 0x2B, 0x3C, 0xCA, 0x06, 0x3C, 0x63, 0x97, 0x3F, 0x3D, 0xBC, 0x00, 0xB0, 0x46, 0x9F,
0x33, 0x00, 0x88, 0x02, 0x64, 0x67, 0xD8, 0xE3, 0x2D, 0x00, 0x48, 0x70, 0x39, 0x9B, 0x24, 0xBC,
0x8F, 0xAB, 0xC9, 0x6C, 0x6E, 0x93, 0x1F, 0x47, 0x8B, 0x0B, 0x24, 0x3F, 0xDE, 0xFB, 0x17, 0xE3,
0x1F, 0x00, 0x91, 0x81, 0x6F, 0x8F, 0xBB, 0xC3, 0x02, 0xCA, 0x57, 0x55, 0x38, 0x8C, 0x1A, 0x80,
0xFC, 0x14, 0x20, 0x9D, 0x01, 0xE2, 0x5E, 0x17, 0xB0, 0x7D, 0x50, 0x33, 0x5D, 0xE9, 0x30, 0xA1,
0xF9, 0xD1, 0x11, 0x29, 0x84, 0xA7, 0xA7, 0xED, 0x66, 0x7C, 0xC9, 0xC6, 0xB5, 0x8B, 0x16, 0x59,
0xA2, 0x01, 0x90, 0x03, 0x00, 0x03, 0x0C, 0x82, 0x00, 0xDF, 0x61, 0xAB, 0x01, 0xB6, 0x1E, 0x10,
0x3C, 0x00, 0x5C, 0x80, 0xDE, 0x8F, 0xBC, 0x34, 0x16, 0x5C, 0xC0, 0xF7, 0x2A, 0x5F, 0xBA, 0xF4,
0xC7, 0x08, 0xFA, 0x71, 0xF7, 0x87, 0xA7, 0x47, 0x79, 0x83, 0xC9, 0x8F, 0xFA, 0x3F, 0xB8, 0x19,
0x59, 0xFE, 0x4E, 0xCE, 0x47, 0x57, 0xD1, 0xC0, 0xAE, 0x1D, 0xAC, 0x15, 0x00, 0x0B, 0x10, 0x50,
0x55, 0xBC, 0x07, 0x62, 0x80, 0x42, 0x00, 0x34, 0x37, 0xDD, 0x8C, 0x8B, 0xF2, 0x0B, 0xF4, 0x94,
0x45, 0x22, 0x40, 0xC4, 0x80, 0x6E, 0x9F, 0x5A, 0x80, 0xA3, 0x40, 0xD4, 0x07, 0x22, 0x0A, 0x30,
0x0F, 0xC0, 0xEA, 0x7F, 0x9E, 0xFF, 0xB8, 0x9F, 0x4E, 0xEE, 0xC6, 0x57, 0xD7, 0xD7, 0xD1, 0xBD,
0xC1, 0xB7, 0xA8, 0xDF, 0x4D, 0xA6, 0xF7, 0x8F, 0xF3, 0x2F, 0xE7, 0xFC, 0xF7, 0x7A, 0x38, 0xF6,
0xD3, 0xDE, 0x4F, 0xBB, 0x3F, 0x27, 0xBF, 0x01, 0xE5, 0x37, 0x02, 0x49, 0xFF, 0x4E, 0xEE, 0x00,
0x70, 0x55, 0x00, 0x54, 0xE3, 0x00, 0xF0, 0xE2, 0xC5, 0x8B, 0xF5, 0x21, 0x00, 0x2E, 0x05, 0xCB,
0x75, 0x53, 0x26, 0x00, 0x6C, 0x02, 0x3C, 0x00, 0x80, 0x36, 0xEB, 0x34, 0x00, 0x46, 0x80, 0xE4,
0xB1, 0x00, 0x81, 0x46, 0xA5, 0x80, 0x1A, 0x06, 0x64, 0x17, 0x30, 0x2C, 0xD8, 0x96, 0xFE, 0x1F,
0x22, 0xED, 0x69, 0xE7, 0x47, 0x0B, 0x7F, 0xD3, 0x8D, 0x9D, 0xFD, 0x92, 0xFC, 0x79, 0x03, 0x00,
0x36, 0x00, 0x09, 0x01, 0xF5, 0xB2, 0xB8, 0x07, 0x94, 0x19, 0x00, 0xDA, 0x97, 0x06, 0x61, 0x04,
0xEC, 0xD8, 0xAA, 0xFF, 0x0C, 0x61, 0x76, 0xE2, 0x04, 0xE0, 0xB8, 0x66, 0xD6, 0x16, 0x60, 0xBA,
0x0E, 0x42, 0x80, 0x2E, 0x05, 0xC0, 0xCB, 0xA0, 0x14, 0x80, 0x19, 0xE0, 0x80, 0x82, 0x10, 0x00,
0x45, 0x3B, 0x41, 0xD4, 0x0C, 0xE2, 0x1C, 0x10, 0x57, 0x51, 0x07, 0x61, 0xEB, 0x3E, 0x4A, 0x7F,
0x70, 0x15, 0x6E, 0xFE, 0x07, 0x1B, 0x09, 0x00, 0x86, 0x3A, 0xFE, 0xF6, 0xCE, 0xDA, 0x01, 0xA0,
0x41, 0x00, 0x5E, 0x0A, 0xBE, 0x2A, 0xBF, 0x01, 0x63, 0x2C, 0x1D, 0x66, 0x57, 0x48, 0x80, 0x91,
0x01, 0xB2, 0x86, 0x40, 0x6A, 0x00, 0x43, 0x49, 0x01, 0x5D, 0x4C, 0x00, 0xBE, 0x0D, 0x60, 0x0B,
0xE0, 0x46, 0x40, 0x29, 0x40, 0xF3, 0x00, 0x1F, 0x09, 0x96, 0x4B, 0xCF, 0xC4, 0x87, 0xF2, 0xA3,
0x3E, 0x47, 0xD4, 0xE7, 0xF0, 0xBF, 0x11, 0xF9, 0x41, 0x00, 0x50, 0x86, 0xDF, 0xC5, 0x5B, 0x00,
0x6C, 0x0F, 0x68, 0x1D, 0x00, 0x50, 0x10, 0x40, 0x73, 0x20, 0x6C, 0x02, 0x72, 0x39, 0x5A, 0x03,
0x64, 0x5D, 0x06, 0xC6, 0x18, 0x40, 0x80, 0x00, 0xB5, 0x00, 0xC3, 0x00, 0xE2, 0x00, 0x4D, 0x03,
0xA2, 0x0B, 0x10, 0x0D, 0xBC, 0x50, 0xDF, 0xED, 0x15, 0xED, 0x39, 0xF6, 0x3B, 0xFC, 0xE4, 0xC7,
0xF2, 0x07, 0x1B, 0x90, 0xFF, 0xF8, 0xD8, 0x51, 0x47, 0x1F, 0x36, 0x00, 0x75, 0x13, 0x38, 0x23,
0x00, 0xB4, 0x1B, 0xC2, 0xB8, 0x09, 0x54, 0x5C, 0xD5, 0x84, 0xBE, 0x64, 0x00, 0x20, 0x86, 0x6B,
0x4E, 0x33, 0x6E, 0x04, 0x01, 0x03, 0x38, 0x5A, 0x03, 0x48, 0x14, 0x10, 0x31, 0x40, 0x3C, 0x20,
0x86, 0x42, 0x09, 0x06, 0x71, 0xC5, 0x69, 0x6F, 0x59, 0x26, 0x0A, 0x38, 0x4C, 0x7D, 0x7E, 0xF2,
0x07, 0x74, 0xF6, 0x17, 0xAC, 0xBF, 0xAF, 0x01, 0x40, 0x45, 0x69, 0x00, 0xEB, 0x00, 0x80, 0x80,
0x00, 0x31, 0x07, 0xEE, 0x5B, 0x6A, 0x19, 0x6C, 0x52, 0xA2, 0x58, 0x06, 0xF4, 0x37, 0xB3, 0x6E,
0x05, 0x9B, 0xC4, 0x01, 0x3E, 0x47, 0x5B, 0xBE, 0x0C, 0x43, 0x40, 0x00, 0xBC, 0xAA, 0x63, 0xB3,
0x30, 0x00, 0x47, 0x07, 0x7E, 0xB1, 0x44, 0x60, 0x2D, 0xD1, 0x1E, 0x7F, 0x11, 0xF5, 0x61, 0x6B,
0xC3, 0x06, 0x70, 0x70, 0xB1, 0xEB, 0x90, 0x0B, 0x77, 0x8B, 0x2F, 0x43, 0x33, 0xF4, 0xFB, 0x9A,
0x04, 0xB8, 0x06, 0x00, 0x68, 0x37, 0x84, 0x71, 0x13, 0xD8, 0xAA, 0xC9, 0xF7, 0x00, 0x06, 0x4B,
0x35, 0x80, 0x95, 0xF1, 0x61, 0xD0, 0x7C, 0x99, 0x01, 0x34, 0x16, 0xF0, 0x89, 0x58, 0xC8, 0x04,
0x2E, 0x56, 0x51, 0x19, 0x31, 0xD5, 0x08, 0x96, 0xC5, 0xCF, 0xFD, 0x48, 0x7A, 0x26, 0xBE, 0xCD,
0xA9, 0xBF, 0x41, 0xF9, 0xBB, 0x5D, 0xF5, 0x97, 0x71, 0x6B, 0x5B, 0xDB, 0xEB, 0xDD, 0x03, 0x5A,
0x21, 0x07, 0x56, 0x5C, 0xD5, 0x87, 0x8E, 0x4A, 0x80, 0xF3, 0x6C, 0xCF, 0x61, 0xCE, 0x97, 0x1B,
0x80, 0x5A, 0x40, 0xF0, 0x80, 0x4D, 0x3D, 0xC0, 0x56, 0xCC, 0xD6, 0x8A, 0x15, 0x6D, 0x6E, 0x50,
0xF4, 0x43, 0xF9, 0xE1, 0x59, 0x9B, 0x82, 0xFA, 0x9B, 0x91, 0xBF, 0xEB, 0xA8, 0x37, 0x4C, 0x1A,
0xC0, 0xBA, 0x13, 0xA0, 0x76, 0x37, 0x88, 0xE5, 0xC0, 0x37, 0x9A, 0xA1, 0x73, 0xF0, 0xC8, 0xB4,
0x5A, 0x78, 0x1E, 0xC2, 0x31, 0xCF, 0xF6, 0x82, 0x10, 0xA8, 0x06, 0x26, 0x6F, 0xAB, 0x65, 0x2C,
0xAE, 0x56, 0x0B, 0x5D, 0x16, 0xC9, 0x4F, 0x21, 0x80, 0x6E, 0x82, 0xAF, 0x15, 0xC5, 0x8F, 0x82,
0x6D, 0x44, 0x7E, 0xF8, 0x45, 0x4E, 0x0E, 0xAF, 0xB3, 0xEC, 0x5E, 0x72, 0x2C, 0x8D, 0xFE, 0xE6,
0x5E, 0x6C, 0x02, 0xCC, 0x6E, 0x80, 0xF8, 0x1C, 0x58, 0xAA, 0x6B, 0xC6, 0xCF, 0x57, 0x0C, 0x90,
0xED, 0x25, 0x61, 0xB2, 0x01, 0xBA, 0x9A, 0x43, 0xB0, 0x40, 0x4B, 0x69, 0x04, 0x1A, 0x17, 0x08,
0x76, 0x88, 0xF9, 0x27, 0xE1, 0xC7, 0xE9, 0x49, 0x65, 0xF5, 0xBB, 0x45, 0x1F, 0xBE, 0x66, 0xD0,
0xEB, 0x25, 0x31, 0x01, 0xBE, 0x5C, 0x57, 0x02, 0x5C, 0x94, 0x03, 0xE1, 0x76, 0x50, 0x4D, 0x17,
0x04, 0x65, 0x03, 0x7C, 0xC9, 0x62, 0x80, 0xCF, 0x2B, 0x10, 0xA0, 0x2B, 0x63, 0xA0, 0x45, 0x69,
0xED, 0x38, 0xAB, 0xB8, 0x60, 0xB1, 0xF6, 0xB2, 0xFA, 0xAD, 0xB8, 0x4B, 0x17, 0x53, 0x9A, 0xF9,
0x5F, 0xDB, 0x21, 0x0D, 0x60, 0xED, 0x09, 0x70, 0x59, 0x13, 0xA8, 0x6A, 0x80, 0x6A, 0xCA, 0x06,
0xC8, 0xD2, 0x03, 0xC6, 0xD6, 0x4A, 0x04, 0x50, 0x31, 0xD0, 0xF2, 0xF5, 0x20, 0x58, 0xE8, 0x04,
0xDD, 0x77, 0xFA, 0xD4, 0x4C, 0x8A, 0xFA, 0xE8, 0xA2, 0x45, 0x13, 0x40, 0xD7, 0xC2, 0xAA, 0x79,
0x36, 0x00, 0x8A, 0x00, 0x31, 0x07, 0x92, 0x26, 0xF0, 0x7A, 0xA0, 0x96, 0x89, 0x06, 0xAA, 0xD9,
0xC4, 0xE3, 0x6C, 0x0D, 0x06, 0xB3, 0x0C, 0x6F, 0x0C, 0x19, 0x0C, 0x2C, 0xAC, 0x4C, 0xB3, 0xB9,
0xBC, 0xF5, 0xB6, 0xC4, 0x6A, 0xA2, 0x42, 0xCD, 0x7B, 0x25, 0x07, 0xA8, 0xE2, 0xC3, 0x1F, 0xC4,
0x67, 0x91, 0x4E, 0xBD, 0xB1, 0x00, 0x60, 0x6A, 0xC6, 0xFB, 0xB5, 0xDC, 0x00, 0xD6, 0x98, 0x00,
0x55, 0x04, 0x88, 0x4D, 0x60, 0xAB, 0x36, 0xB0, 0x94, 0xC3, 0x11, 0x0C, 0x60, 0x0D, 0xD2, 0x3F,
0x11, 0xBE, 0x76, 0x07, 0x56, 0x02, 0x03, 0xA8, 0x1E, 0x20, 0x26, 0x68, 0x3A, 0xE9, 0x4A, 0x2B,
0xFE, 0x06, 0xF3, 0x9F, 0xE1, 0x68, 0x86, 0xBB, 0xB6, 0x15, 0xDB, 0x00, 0xD6, 0x65, 0x00, 0x65,
0x33, 0x80, 0x35, 0x81, 0x8A, 0xA9, 0xB9, 0xA5, 0xA6, 0x68, 0x00, 0x2F, 0xF5, 0x5E, 0xD0, 0xCC,
0x4B, 0x6A, 0x00, 0x8D, 0x07, 0x5A, 0x7E, 0x62, 0x17, 0xF8, 0x44, 0x7A, 0x55, 0xFC, 0x4D, 0xAA,
0x0F, 0x7E, 0x35, 0xC0, 0x53, 0x71, 0xA8, 0x01, 0x20, 0x2B, 0x6A, 0x03, 0x58, 0x33, 0x00, 0x74,
0x08, 0x88, 0x9A, 0x40, 0x79, 0x4F, 0x65, 0x92, 0x35, 0x80, 0xFD, 0xB2, 0xE9, 0x90, 0x0C, 0x30,
0xF0, 0xFA, 0x69, 0xDF, 0x1E, 0x6E, 0x0F, 0x06, 0x24, 0x03, 0x38, 0xCD, 0x24, 0xC3, 0xDF, 0x52,
0xAB, 0x49, 0xCB, 0xF1, 0x17, 0x29, 0xEF, 0x37, 0x63, 0xB5, 0xDF, 0xB4, 0xFC, 0x44, 0x7F, 0x71,
0xA8, 0x07, 0x7B, 0x65, 0x4D, 0x03, 0x58, 0xB7, 0x01, 0x16, 0x34, 0x81, 0x52, 0x5D, 0x75, 0x80,
0x37, 0x20, 0xF3, 0x0D, 0x67, 0x00, 0xAF, 0xF7, 0x98, 0xCE, 0x00, 0xB7, 0x3D, 0x8F, 0x66, 0x00,
0x47, 0xAF, 0xC8, 0x4A, 0xC5, 0x89, 0x9F, 0x80, 0xFC, 0xB1, 0x2E, 0xD8, 0x58, 0x59, 0x9A, 0x00,
0xB0, 0x5B, 0xCA, 0xBF, 0x01, 0x2C, 0x6E, 0x02, 0x07, 0x35, 0xD5, 0x00, 0x9E, 0xC5, 0x0C, 0x00,
0x08, 0xD0, 0xF3, 0x52, 0xBD, 0x51, 0xE3, 0xCE, 0xF3, 0x58, 0x0B, 0x70, 0xB2, 0x8A, 0xD1, 0x14,
0x6A, 0x89, 0xEE, 0x4F, 0x4D, 0xFA, 0x38, 0xFD, 0x07, 0xB5, 0x83, 0x02, 0x1A, 0xC0, 0xC2, 0x26,
0x00, 0x62, 0x80, 0xAB, 0x1A, 0x00, 0x38, 0x80, 0x19, 0x00, 0x38, 0xE0, 0x6B, 0x8A, 0x26, 0x70,
0xFD, 0x15, 0x01, 0x60, 0x5D, 0x06, 0xD0, 0xD9, 0x40, 0x5F, 0xAD, 0xA7, 0x59, 0x9A, 0x05, 0x80,
0xF5, 0x96, 0x05, 0x80, 0x7C, 0xB6, 0x00, 0x56, 0x6A, 0x02, 0x55, 0x4B, 0x35, 0x80, 0x67, 0x0A,
0x3D, 0x20, 0x9C, 0xA7, 0x78, 0x0C, 0x14, 0xAE, 0xA9, 0x03, 0xAC, 0x62, 0x86, 0xD6, 0x93, 0x2F,
0x8D, 0xFE, 0x03, 0xAB, 0x5A, 0x50, 0x03, 0x88, 0x6D, 0x02, 0x31, 0xBB, 0x01, 0x3D, 0x50, 0x26,
0x23, 0x40, 0xAF, 0x17, 0x0E, 0x13, 0x6F, 0x08, 0x3F, 0x0C, 0xC3, 0x5E, 0x6F, 0xC0, 0xAD, 0x02,
0x9E, 0x77, 0x39, 0x1A, 0xFD, 0x7B, 0xFB, 0xBC, 0xFE, 0x79, 0x36, 0x80, 0x85, 0xDB, 0x41, 0xDB,
0x6A, 0x10, 0xEC, 0x79, 0xD8, 0x01, 0xC4, 0x00, 0x03, 0x60, 0x80, 0x30, 0xE1, 0x0B, 0x43, 0xA6,
0xE0, 0x47, 0x7A, 0xD0, 0xE4, 0x0D, 0xDE, 0x00, 0xAD, 0x0C, 0x47, 0xD2, 0x6A, 0x3D, 0xA5, 0x43,
0xA7, 0xFF, 0xA0, 0x5E, 0xD2, 0x35, 0x80, 0x7F, 0xE5, 0xD1, 0x00, 0x96, 0xC4, 0x00, 0x39, 0x08,
0xF6, 0x7A, 0x3D, 0xC1, 0x01, 0x10, 0x01, 0x61, 0xA2, 0xF7, 0x88, 0x4D, 0xC2, 0xB5, 0x03, 0x60,
0x75, 0x1B, 0xA4, 0x33, 0x4C, 0xAE, 0xA5, 0xD3, 0xBF, 0xB6, 0x13, 0x1F, 0x00, 0xF2, 0x30, 0xC0,
0xA2, 0x26, 0x50, 0xB1, 0x34, 0x08, 0x08, 0x4D, 0x1E, 0x01, 0x89, 0x18, 0x30, 0x85, 0xDF, 0xAF,
0x02, 0x60, 0x0D, 0x04, 0xD0, 0x53, 0x61, 0xF9, 0x77, 0x6E, 0xF6, 0xD0, 0xE9, 0x6F, 0x55, 0x0A,
0x6D, 0x00, 0x42, 0x13, 0x20, 0x0F, 0x86, 0x39, 0x07, 0xEC, 0x91, 0x59, 0xCF, 0x6A, 0x38, 0x1C,
0xF6, 0x80, 0x78, 0x0D, 0x64, 0x0D, 0x48, 0x80, 0xD1, 0xC9, 0xCA, 0x39, 0xE0, 0x7E, 0x34, 0x22,
0x06, 0x40, 0x21, 0xD0, 0x7C, 0x07, 0xEA, 0x39, 0x07, 0x00, 0x65, 0x70, 0x41, 0x79, 0x7B, 0xB2,
0xFE, 0x2F, 0xFF, 0x9E, 0x67, 0x03, 0x58, 0xD2, 0x04, 0x4A, 0xAF, 0x7B, 0x31, 0x0E, 0xC0, 0x04,
0x80, 0x08, 0x18, 0x9D, 0xCC, 0x57, 0x5A, 0x0D, 0x5E, 0xCC, 0x47, 0x08, 0x00, 0x94, 0x00, 0x3F,
0xF5, 0xD7, 0xD4, 0x7E, 0xA9, 0xE0, 0x06, 0xB0, 0xCC, 0x01, 0xBB, 0xF2, 0x1D, 0x02, 0x11, 0x87,
0x21, 0x73, 0xC0, 0x70, 0x04, 0x18, 0x70, 0xBE, 0xC2, 0x8E, 0xD0, 0xDD, 0xF9, 0x68, 0x04, 0x1C,
0x80, 0xF4, 0x6F, 0xFC, 0x04, 0x80, 0x5E, 0x7F, 0x6B, 0x77, 0x13, 0xFA, 0x2F, 0x8A, 0x01, 0xE5,
0xAD, 0xBA, 0x06, 0x01, 0xC3, 0xA1, 0xD5, 0x68, 0xE0, 0x54, 0x08, 0x08, 0x30, 0x3A, 0x39, 0x19,
0x2D, 0xFB, 0xFB, 0xDE, 0xD7, 0x8F, 0xA3, 0x13, 0x60, 0x80, 0x11, 0x30, 0x00, 0x72, 0x40, 0xC3,
0x6C, 0x1C, 0x1D, 0xBD, 0x7B, 0xCE, 0xA5, 0x9D, 0xFF, 0xF5, 0xAD, 0x72, 0xD1, 0x01, 0x40, 0x8F,
0x00, 0x2E, 0x06, 0xEC, 0xD4, 0x44, 0x00, 0x00, 0xC9, 0xC3, 0x11, 0x74, 0x00, 0x59, 0x17, 0x84,
0x00, 0x01, 0xC0, 0x02, 0xD6, 0x6C, 0xD1, 0x07, 0x47, 0xCE, 0x3C, 0x60, 0x92, 0x13, 0x04, 0x00,
0x1C, 0x01, 0x40, 0x0B, 0x88, 0x0C, 0xD0, 0x7C, 0x96, 0x87, 0x56, 0xFF, 0xDA, 0x8E, 0x12, 0x00,
0x0A, 0x01, 0x40, 0x5C, 0x13, 0x20, 0x0E, 0x78, 0xAB, 0x20, 0x00, 0xB6, 0x81, 0x46, 0xE4, 0x00,
0xCC, 0x80, 0x93, 0x93, 0xF0, 0xC7, 0x38, 0xEE, 0xEF, 0x2F, 0x02, 0xF9, 0xC1, 0xFC, 0x0F, 0xA3,
0xF9, 0x0F, 0x01, 0x60, 0x3E, 0x6F, 0x00, 0x68, 0xF5, 0x7F, 0x8B, 0x17, 0x00, 0x85, 0x37, 0x80,
0x65, 0x31, 0xA0, 0xF2, 0x56, 0x44, 0x00, 0x94, 0x3C, 0x1C, 0xF5, 0x1A, 0x3C, 0x03, 0x42, 0x20,
0xF1, 0xD9, 0xD9, 0x9F, 0xF7, 0xF2, 0x5F, 0xED, 0xB8, 0x19, 0xDF, 0xFF, 0x79, 0x76, 0x82, 0xF4,
0x07, 0xD8, 0xD0, 0xEA, 0xFF, 0x73, 0xFE, 0x93, 0x1A, 0x54, 0x36, 0x13, 0x00, 0x38, 0x03, 0x08,
0x31, 0x80, 0x39, 0xA0, 0x2A, 0x27, 0x80, 0x21, 0x6A, 0xE7, 0x83, 0x86, 0x88, 0x00, 0xE0, 0x80,
0xB3, 0x33, 0x6B, 0x3E, 0x9B, 0xDE, 0xE1, 0x8F, 0x8F, 0xBF, 0x9B, 0xCE, 0xE6, 0x16, 0xFC, 0x7F,
0x67, 0x90, 0xFF, 0x21, 0x0D, 0x00, 0xD0, 0x01, 0xC0, 0x03, 0xCF, 0x18, 0x01, 0x5A, 0xFD, 0x7B,
0x55, 0x41, 0x7F, 0x2E, 0x00, 0x14, 0x61, 0x80, 0x05, 0x31, 0x00, 0x38, 0x60, 0x4F, 0x76, 0x40,
0x88, 0x1D, 0x40, 0x9B, 0x00, 0xFC, 0x6F, 0xE2, 0x80, 0x3F, 0xCE, 0xB8, 0xFA, 0x03, 0xCB, 0x8F,
0xF3, 0x1F, 0xD1, 0xFF, 0xF7, 0x01, 0x48, 0x80, 0xCF, 0x3A, 0x03, 0xEA, 0xE7, 0xFF, 0x1E, 0xD1,
0xBF, 0xF8, 0x00, 0xB0, 0x34, 0x08, 0x8A, 0xDB, 0x01, 0x18, 0x01, 0xC8, 0x02, 0x74, 0x83, 0x18,
0x42, 0x20, 0x8C, 0x20, 0x20, 0x16, 0x69, 0xFF, 0x28, 0xFF, 0xB1, 0xF9, 0xDF, 0x78, 0xF7, 0x7C,
0xF5, 0xD7, 0x4E, 0xFF, 0xDE, 0xEB, 0x12, 0x5B, 0x00, 0xFC, 0x73, 0x03, 0xFA, 0x2F, 0x0E, 0x82,
0xFC, 0x76, 0x00, 0x02, 0x00, 0x6A, 0x02, 0xBC, 0x03, 0xE0, 0x52, 0x20, 0x1C, 0xC9, 0x1E, 0x40,
0xE1, 0x10, 0xD1, 0x3F, 0xD2, 0x1F, 0xCC, 0x7F, 0x0B, 0xCD, 0xFF, 0xA3, 0x9F, 0xFA, 0xF3, 0xF3,
0x7F, 0xB7, 0x54, 0xDA, 0xB0, 0xFE, 0x62, 0x0C, 0xE0, 0x83, 0x20, 0x74, 0xC0, 0xD6, 0xEE, 0x50,
0x28, 0xA8, 0x3E, 0x68, 0xEC, 0x27, 0xB4, 0x09, 0x90, 0x20, 0x10, 0x9E, 0xF1, 0x0E, 0x40, 0xC9,
0x80, 0xF0, 0x3F, 0x0A, 0x00, 0xBF, 0x63, 0x02, 0x34, 0x8E, 0x40, 0x08, 0x78, 0x8E, 0x35, 0xD4,
0xD6, 0x2E, 0xDA, 0x00, 0x90, 0x03, 0x60, 0x61, 0x01, 0x40, 0x46, 0x80, 0x26, 0x08, 0x6E, 0xD5,
0x05, 0xF9, 0x43, 0x8D, 0x03, 0xE0, 0x6A, 0x00, 0x4E, 0x78, 0xBE, 0xF0, 0xF4, 0x0F, 0x39, 0xFD,
0xB1, 0xFA, 0x8D, 0xA3, 0xA3, 0x9F, 0xFA, 0xB3, 0xF1, 0xAC, 0x6F, 0x69, 0x02, 0x60, 0xC1, 0x00,
0x88, 0x8B, 0x01, 0x1A, 0x07, 0x84, 0xD8, 0x01, 0x27, 0x68, 0x0F, 0xB0, 0xC7, 0x59, 0x00, 0x27,
0x81, 0x90, 0x3B, 0x46, 0x68, 0xFF, 0x97, 0xCB, 0x7F, 0xA0, 0x01, 0x20, 0x07, 0x3C, 0x4F, 0x00,
0x34, 0xF4, 0xF3, 0xFF, 0xFF, 0xED, 0x9B, 0xBF, 0x72, 0xDB, 0x48, 0x12, 0x87, 0xCF, 0xB7, 0x27,
0xDF, 0xEE, 0x79, 0x45, 0x8B, 0x5A, 0x32, 0x20, 0x58, 0x05, 0x04, 0x34, 0x99, 0xEC, 0x23, 0xE8,
0x01, 0x1C, 0x71, 0x93, 0x7D, 0x0F, 0x06, 0x8A, 0x14, 0x32, 0x42, 0x26, 0x5F, 0xA6, 0x2A, 0x04,
0xCA, 0x9C, 0xA8, 0xC8, 0x00, 0x8F, 0x71, 0x91, 0x19, 0xB2, 0x8A, 0x4F, 0x73, 0xF3, 0x17, 0xD3,
0x3D, 0xD3, 0x83, 0x3F, 0x92, 0x4C, 0x02, 0x18, 0x0C, 0x4A, 0x5B, 0x2B, 0x2F, 0xC5, 0x25, 0xF8,
0x7D, 0xFD, 0xEB, 0x9E, 0xA1, 0x0C, 0xF8, 0x5F, 0x66, 0x00, 0xAC, 0xB5, 0x15, 0x58, 0x7E, 0x41,
0xD2, 0xF2, 0xDA, 0xE6, 0x0A, 0x14, 0x06, 0xA8, 0x14, 0x90, 0xE1, 0x70, 0x90, 0x27, 0xBF, 0x0C,
0xBE, 0xC2, 0x0F, 0xE2, 0xFF, 0xBF, 0x7F, 0x85, 0x9A, 0xFF, 0x1E, 0xFE, 0x5F, 0x96, 0x17, 0xDE,
0x00, 0x20, 0x01, 0x3C, 0x83, 0x20, 0x36, 0x40, 0x22, 0xDE, 0xC9, 0xAD, 0xDF, 0x5E, 0xFD, 0xAA,
0x08, 0xEC, 0x0F, 0x7C, 0x4C, 0xE4, 0x5F, 0xF2, 0x8F, 0xC4, 0x7F, 0xBE, 0xE7, 0x06, 0xC8, 0x0E,
0xA0, 0x42, 0x20, 0xB4, 0xB5, 0xAE, 0xC1, 0xDF, 0x1D, 0x00, 0xCF, 0x29, 0x80, 0x6F, 0x10, 0x54,
0x06, 0x4C, 0xBE, 0x40, 0xFE, 0x4A, 0x02, 0xA6, 0xC0, 0xBE, 0xF8, 0x6D, 0x21, 0x63, 0x88, 0xB9,
0xBF, 0x47, 0x17, 0xFF, 0x5F, 0x41, 0x0E, 0x01, 0x2F, 0x74, 0xFF, 0xE7, 0x1F, 0x00, 0x10, 0xFC,
0xCF, 0x3C, 0x00, 0x3A, 0x4D, 0x40, 0x9E, 0x08, 0xFA, 0x0C, 0xD8, 0xEB, 0x98, 0x97, 0x21, 0xB0,
0x37, 0xBF, 0x30, 0x06, 0x24, 0x28, 0xE0, 0x0B, 0xFA, 0x0C, 0xFF, 0x5A, 0x0F, 0x00, 0x72, 0x1F,
0x18, 0xD8, 0x7A, 0xF4, 0xD4, 0xBF, 0xC3, 0x5F, 0x9D, 0x00, 0x5E, 0x5D, 0x82, 0xBF, 0xB3, 0x15,
0x40, 0xC7, 0x01, 0xDC, 0x80, 0x03, 0xA8, 0x7E, 0x89, 0x9F, 0x6F, 0xFB, 0xF8, 0x20, 0xB0, 0xDD,
0x3A, 0x06, 0x88, 0x6F, 0xB7, 0x8F, 0xDB, 0xAD, 0xE8, 0xFF, 0xEB, 0x17, 0xD0, 0x00, 0x82, 0x5B,
0x20, 0x36, 0xE1, 0x7B, 0xC8, 0xF9, 0xDF, 0x38, 0xFC, 0x7F, 0xB9, 0x18, 0x7F, 0x62, 0x0C, 0xA8,
0x36, 0x80, 0x29, 0xB0, 0x63, 0x78, 0x85, 0x03, 0xFC, 0x32, 0x8B, 0xC3, 0xDF, 0xCA, 0xEA, 0xE7,
0x0B, 0x0C, 0x00, 0x81, 0x5D, 0x1E, 0xFE, 0x07, 0x9B, 0xFF, 0x45, 0x07, 0x80, 0x5A, 0x06, 0x2C,
0x49, 0x03, 0x76, 0xA7, 0xDD, 0xE3, 0x7A, 0x2D, 0xCE, 0x05, 0x19, 0x71, 0xA5, 0xC0, 0x56, 0xC2,
0x17, 0xF8, 0x5F, 0x2C, 0xFC, 0xA1, 0xAD, 0x43, 0x39, 0xFF, 0xEB, 0xF6, 0xF0, 0x37, 0x83, 0xA0,
0x6D, 0xC0, 0xB5, 0x32, 0x60, 0x61, 0x19, 0xA0, 0x14, 0xE0, 0x06, 0xAC, 0x95, 0x04, 0x2F, 0xF7,
0xE2, 0x12, 0xFF, 0xB6, 0x76, 0xF0, 0x87, 0x97, 0x00, 0x6B, 0x0F, 0xFF, 0xC5, 0x72, 0x34, 0xF2,
0xF1, 0xFF, 0xED, 0x52, 0xFC, 0xA9, 0xAD, 0x00, 0x38, 0x14, 0xE6, 0xA7, 0xC2, 0xC5, 0x39, 0x9F,
0x66, 0x2F, 0x0F, 0x7E, 0x0F, 0xF7, 0x8C, 0xBA, 0xB3, 0xB8, 0x0A, 0xF7, 0x56, 0x03, 0x08, 0x6C,
0x3D, 0xEE, 0xC8, 0x75, 0xFA, 0x73, 0x2C, 0xF8, 0x7F, 0xB6, 0xF9, 0x7F, 0xB8, 0x2C, 0xFF, 0x26,
0x06, 0x98, 0x9B, 0x11, 0x47, 0xFF, 0x8A, 0xF7, 0xCB, 0xFD, 0xA3, 0xB8, 0x5E, 0xA4, 0x10, 0xEB,
0xB0, 0xF1, 0x7F, 0x3D, 0xD0, 0xFC, 0x77, 0x73, 0xC0, 0xFF, 0x53, 0x9B, 0xF8, 0xD3, 0x06, 0x7C,
0x2A, 0x37, 0x40, 0x38, 0xB0, 0xDB, 0xAE, 0xD7, 0xB8, 0xFE, 0xD7, 0xA1, 0xD3, 0xFF, 0x7A, 0xEF,
0xE1, 0xBF, 0x6F, 0x31, 0x7F, 0xEB, 0x38, 0x80, 0x30, 0x20, 0xF2, 0x84, 0xDA, 0x69, 0xBF, 0x76,
0xD7, 0xD7, 0x90, 0x97, 0x27, 0xFE, 0x77, 0xBB, 0x68, 0x3C, 0xBA, 0xA1, 0xF9, 0x5F, 0x5D, 0x9E,
0x3F, 0xDC, 0x0A, 0xD0, 0x06, 0xC4, 0x07, 0xB7, 0x03, 0xC8, 0x41, 0x60, 0x4D, 0x04, 0x40, 0xB8,
0x6B, 0xEF, 0xC1, 0xBF, 0x8F, 0x47, 0x24, 0xFF, 0x0B, 0x6F, 0x00, 0xEA, 0x18, 0x20, 0xF7, 0x02,
0xE3, 0xD9, 0x9E, 0x9A, 0x02, 0xC4, 0x20, 0xE0, 0x7B, 0x33, 0xBE, 0x06, 0x77, 0xAD, 0x7D, 0xED,
0xFF, 0x30, 0x6B, 0x39, 0xFF, 0x1A, 0x06, 0x4C, 0xEF, 0xE8, 0x49, 0xF0, 0xB4, 0xDB, 0x7B, 0xE0,
0x07, 0xB7, 0x7C, 0xD3, 0xFF, 0xE9, 0x4E, 0xF1, 0xBF, 0x6E, 0x2F, 0xFF, 0x0A, 0x03, 0xF8, 0xEF,
0x07, 0x4C, 0xBF, 0x78, 0x6E, 0x8F, 0xED, 0x07, 0x1D, 0xFC, 0x21, 0x26, 0x80, 0xAF, 0xFC, 0x77,
0x77, 0xD3, 0x91, 0x3C, 0xFF, 0x6F, 0x33, 0xFF, 0x12, 0x03, 0xD4, 0x27, 0x43, 0xA3, 0xC9, 0xE2,
0xE4, 0x59, 0x7C, 0x37, 0x10, 0xFA, 0xDA, 0xEE, 0x3C, 0x6F, 0xCE, 0x61, 0x31, 0xE9, 0x04, 0x7F,
0x74, 0x24, 0xE8, 0x9E, 0x0A, 0x73, 0x03, 0xC6, 0x73, 0x9F, 0x01, 0xE4, 0x6E, 0x20, 0xAC, 0xE9,
0xCF, 0xFB, 0xD6, 0x88, 0xED, 0x9F, 0xFE, 0xFC, 0xCF, 0xE1, 0xFF, 0x5B, 0x7B, 0xF8, 0xD7, 0x31,
0x20, 0x3A, 0x0D, 0x21, 0xD0, 0xA8, 0xFC, 0x4F, 0x7C, 0xFB, 0x87, 0x3F, 0xFF, 0x6D, 0x2F, 0xFF,
0x3A, 0x06, 0xC4, 0xBB, 0xCC, 0xB3, 0x4E, 0xFB, 0xFB, 0x60, 0xD7, 0xFE, 0xE4, 0x7B, 0x57, 0x76,
0x71, 0x97, 0xF8, 0xD7, 0x31, 0x60, 0x7A, 0x97, 0x9D, 0xC8, 0x8B, 0xDD, 0xEC, 0x36, 0x4C, 0xFC,
0x5B, 0x56, 0x14, 0xF4, 0x7B, 0x72, 0xBA, 0x9B, 0x76, 0x8B, 0x7F, 0x85, 0x01, 0xFC, 0x6F, 0x8C,
0xB0, 0x51, 0xD0, 0x93, 0x00, 0xEC, 0xEB, 0x10, 0x6A, 0xF9, 0x7B, 0x12, 0x80, 0x8F, 0x7F, 0xA3,
0x9B, 0xDB, 0x0E, 0xF1, 0x2F, 0x37, 0x40, 0x1C, 0x08, 0xF0, 0x41, 0x20, 0x23, 0x13, 0x80, 0x7D,
0xED, 0xFE, 0x0E, 0xB3, 0xFC, 0xC9, 0xFA, 0x97, 0xED, 0xBF, 0x63, 0xFC, 0xAB, 0x0C, 0x10, 0x6D,
0x60, 0x76, 0x97, 0x79, 0xD7, 0x66, 0x1B, 0xD4, 0xDA, 0xF8, 0xDF, 0x89, 0xC3, 0x4C, 0xC5, 0x7F,
0xB7, 0xF8, 0xFB, 0x0D, 0x28, 0x8E, 0x84, 0xD8, 0x20, 0x90, 0x78, 0x6F, 0xFB, 0x94, 0x7D, 0x0B,
0x07, 0xFF, 0xB7, 0x93, 0xFF, 0x7D, 0x48, 0x8A, 0xF6, 0x2F, 0xB7, 0xFF, 0x9D, 0xE1, 0x0F, 0x4F,
0x84, 0x3E, 0x58, 0x06, 0x14, 0xA3, 0xE0, 0x72, 0xEE, 0x37, 0x9F, 0x0D, 0x83, 0x81, 0xAC, 0x5D,
0xC9, 0x9B, 0x30, 0x5F, 0xE2, 0xED, 0xBF, 0xFD, 0xF9, 0x5F, 0x8B, 0xF9, 0x13, 0x06, 0xFC, 0x0B,
0x1A, 0x20, 0x07, 0x81, 0xB8, 0xEC, 0xEE, 0x9F, 0x42, 0xC0, 0xFF, 0x54, 0x56, 0x03, 0x31, 0x6A,
0xFF, 0xC5, 0xEF, 0xFF, 0xA2, 0xCF, 0x7F, 0x5B, 0xCB, 0x9F, 0x36, 0xC0, 0x1E, 0x05, 0x4B, 0xDA,
0x00, 0x57, 0xE0, 0xEF, 0x9E, 0xAF, 0x32, 0xFC, 0x99, 0x8C, 0x7F, 0x7B, 0xFC, 0xEB, 0x0E, 0xFF,
0x4A, 0x03, 0x44, 0x1B, 0x10, 0xBB, 0x01, 0x7F, 0x0F, 0xFC, 0xD6, 0x67, 0xFC, 0x25, 0xCD, 0x3F,
0xCB, 0x4F, 0x45, 0xFC, 0x77, 0x96, 0x7F, 0x89, 0x01, 0x66, 0x14, 0x64, 0xBB, 0x81, 0x55, 0x59,
0x19, 0x6C, 0xFA, 0xCB, 0xBF, 0xAC, 0xFD, 0x65, 0x77, 0x7C, 0xFA, 0x77, 0xC7, 0xBF, 0x6E, 0xF1,
0x2F, 0x0C, 0x90, 0xBF, 0x27, 0xE8, 0x8E, 0x82, 0xB2, 0x0D, 0xF8, 0x0E, 0x85, 0x78, 0x1D, 0xB0,
0xAB, 0x9F, 0x0A, 0x94, 0x6D, 0xFD, 0xC4, 0xE1, 0x8F, 0xDB, 0xFE, 0xE5, 0xF8, 0xD7, 0x29, 0xFE,
0xC0, 0x00, 0xBC, 0x1D, 0xB4, 0xDA, 0x40, 0xBC, 0xCB, 0xBD, 0xAB, 0x9F, 0x0A, 0x6C, 0xB2, 0xBC,
0x64, 0x9D, 0xE2, 0x31, 0x8A, 0x7F, 0xCF, 0xF6, 0xAF, 0x03, 0xFC, 0x29, 0x03, 0xC0, 0x20, 0x50,
0xB4, 0x81, 0x69, 0x22, 0x48, 0x93, 0x57, 0x0F, 0x15, 0x78, 0xCA, 0x94, 0xDA, 0xF4, 0x25, 0xA6,
0x3F, 0x1D, 0xFF, 0x56, 0xFB, 0xEF, 0x1A, 0x7F, 0x64, 0x80, 0x33, 0x08, 0x98, 0x36, 0x30, 0x8E,
0x4F, 0xFE, 0x04, 0xE0, 0xFF, 0xDC, 0xF4, 0x0C, 0xBF, 0x3F, 0x01, 0x4E, 0xD1, 0x98, 0x8C, 0x7F,
0x7B, 0xFB, 0xDF, 0x11, 0xFE, 0x95, 0x06, 0xE8, 0x36, 0x30, 0x5D, 0xE4, 0xA5, 0x2B, 0xDB, 0x7C,
0xEB, 0xC5, 0x2A, 0x0F, 0x7F, 0x51, 0xFE, 0x64, 0xFC, 0x77, 0x96, 0xBF, 0x32, 0xA0, 0xD8, 0x0C,
0xE8, 0x41, 0x00, 0xB5, 0x01, 0x19, 0x02, 0xAB, 0xFE, 0x2B, 0x50, 0x81, 0x5F, 0x77, 0x7F, 0x2B,
0xFE, 0x89, 0xF1, 0xAF, 0x43, 0xFC, 0xE1, 0x76, 0xD0, 0x19, 0x04, 0x54, 0x1B, 0x90, 0x21, 0x30,
0x99, 0xE7, 0xFD, 0x56, 0xA0, 0x0A, 0x7F, 0xCE, 0x86, 0x7F, 0x7F, 0xFC, 0xF3, 0xF6, 0x7F, 0xD5,
0xB9, 0xF2, 0xAF, 0x1A, 0x05, 0x41, 0x1B, 0xA8, 0x11, 0x02, 0x79, 0xFE, 0xFC, 0xD4, 0x5D, 0xFC,
0x55, 0xF7, 0xB6, 0x12, 0xE5, 0xEF, 0x8B, 0xFF, 0x5F, 0x3A, 0x19, 0xFF, 0xBE, 0x41, 0x00, 0xB5,
0x81, 0x62, 0x16, 0x1C, 0xB1, 0x10, 0xC8, 0x8E, 0x15, 0x2B, 0x7B, 0xEA, 0xE4, 0xCA, 0xF2, 0x8A,
0xFB, 0xCA, 0xE7, 0xA0, 0xFC, 0x55, 0xFC, 0xEB, 0xDD, 0x5F, 0x67, 0xDB, 0xBF, 0xCF, 0x80, 0x92,
0x10, 0x98, 0x25, 0xEC, 0xBD, 0x28, 0xB9, 0xB8, 0x02, 0x9B, 0xAE, 0xD1, 0xDF, 0x08, 0xAD, 0x4B,
0x6F, 0x2B, 0x99, 0x95, 0x94, 0x7F, 0xF7, 0xF9, 0xC3, 0x51, 0xD0, 0x6A, 0x03, 0xC5, 0x2C, 0xA8,
0x36, 0x84, 0xAC, 0x0F, 0x94, 0x57, 0x0A, 0xFF, 0xEA, 0x94, 0x02, 0x9B, 0x5C, 0xBF, 0x6E, 0xEF,
0x3D, 0xF1, 0xF4, 0xC7, 0xE5, 0xEF, 0x6D, 0xFF, 0x1D, 0xE5, 0x5F, 0xDE, 0x06, 0x8A, 0x10, 0x90,
0xC3, 0x60, 0x94, 0x95, 0x46, 0x80, 0xF8, 0xEA, 0x4A, 0x0C, 0x6C, 0x32, 0xFD, 0x92, 0xFD, 0x77,
0x94, 0xC9, 0xF4, 0x77, 0xCA, 0x9F, 0x8A, 0xFF, 0xEE, 0xF2, 0xAF, 0x6C, 0x03, 0x7A, 0x3B, 0x20,
0x0E, 0x05, 0x8E, 0xD5, 0x2B, 0x7F, 0xDE, 0xB4, 0x7E, 0x3D, 0xE7, 0x35, 0x6E, 0x64, 0x31, 0x95,
0xF8, 0xE9, 0xF2, 0xEF, 0x43, 0xFC, 0x93, 0x06, 0x98, 0x36, 0x40, 0x84, 0x80, 0x18, 0x05, 0xAA,
0x57, 0xB6, 0xD9, 0x3C, 0xB5, 0xF8, 0xCA, 0xEA, 0xDC, 0x03, 0x6F, 0xFE, 0x7A, 0xEF, 0x6F, 0x95,
0xBF, 0x8A, 0xFF, 0xDE, 0xF0, 0x37, 0x83, 0x00, 0x6C, 0x03, 0x20, 0x04, 0x7E, 0x07, 0x21, 0xB0,
0xAC, 0x18, 0x05, 0x5A, 0x1F, 0x03, 0xB5, 0x8A, 0x3F, 0x5F, 0x45, 0x4B, 0x9D, 0xFE, 0x44, 0xF9,
0xF7, 0x28, 0xFE, 0x2B, 0xDA, 0x00, 0xEA, 0x03, 0x72, 0x47, 0x28, 0x46, 0x81, 0xBA, 0x0E, 0xB4,
0xAD, 0xF6, 0x6B, 0xD1, 0x07, 0xCD, 0xDF, 0x4E, 0xFF, 0x1E, 0xC6, 0xBF, 0x6B, 0x80, 0xDA, 0x0D,
0x38, 0x21, 0xA0, 0xFA, 0x80, 0x54, 0x20, 0xAD, 0xB5, 0x78, 0x2F, 0x68, 0xCF, 0xCA, 0xF2, 0x7A,
0x2F, 0x5A, 0xEC, 0xFC, 0x61, 0xFA, 0x3B, 0xE5, 0xAF, 0xA6, 0xFF, 0x3E, 0xF1, 0xAF, 0x19, 0x02,
0x7A, 0x14, 0x98, 0x44, 0x79, 0x7A, 0xAC, 0x71, 0xA5, 0x69, 0x9E, 0xB5, 0x89, 0x7E, 0x8D, 0x57,
0x0C, 0xF1, 0xD7, 0x28, 0xFF, 0xFE, 0xF0, 0x27, 0x66, 0x41, 0x78, 0x26, 0x60, 0xED, 0x07, 0xF8,
0x07, 0x04, 0x75, 0xAA, 0x49, 0xE6, 0xC0, 0x85, 0x07, 0x82, 0x67, 0xD6, 0xB3, 0x8A, 0x57, 0x53,
0xF1, 0x82, 0xE7, 0xD3, 0x31, 0xD1, 0xFC, 0x71, 0xF9, 0x7F, 0xE8, 0x61, 0xF9, 0x53, 0xB3, 0xA0,
0x13, 0x02, 0xA2, 0x0F, 0xE8, 0x51, 0x40, 0x28, 0x50, 0x9D, 0x00, 0x47, 0x15, 0xAB, 0xD9, 0x05,
0x87, 0x3E, 0xE0, 0x62, 0x55, 0xF5, 0x6B, 0xFC, 0xBC, 0xF9, 0xA3, 0xF4, 0xEF, 0x7D, 0xF9, 0xD7,
0x0B, 0x01, 0x34, 0x0A, 0x8C, 0xA7, 0xF3, 0x7A, 0x5D, 0x55, 0xF7, 0xD6, 0xE7, 0xB3, 0xAF, 0xFC,
0xD8, 0xE0, 0x05, 0x02, 0xFC, 0xA2, 0xF9, 0x07, 0x56, 0xFE, 0x95, 0x21, 0x50, 0xF4, 0x01, 0xA0,
0xC0, 0x24, 0x5A, 0xA5, 0x69, 0x43, 0x09, 0x36, 0x67, 0xBA, 0x1A, 0xC1, 0x4F, 0xD3, 0x55, 0x34,
0x31, 0xF8, 0xAD, 0xF4, 0x0F, 0xA4, 0xFC, 0xCB, 0x43, 0x40, 0xF6, 0x01, 0x34, 0x0D, 0x72, 0x05,
0x96, 0x71, 0x33, 0x05, 0x44, 0x3B, 0x68, 0x57, 0xE5, 0xFB, 0xF1, 0xC3, 0xF4, 0x0F, 0xA1, 0xFC,
0xA9, 0x10, 0x70, 0x14, 0xF8, 0xDD, 0x56, 0x60, 0x3C, 0x5B, 0xA4, 0x0F, 0x0D, 0xD7, 0x4F, 0xEC,
0x07, 0x8C, 0x7D, 0xD3, 0x57, 0xF3, 0x90, 0xF0, 0xCF, 0x7C, 0x30, 0x7E, 0xD4, 0xFC, 0xC3, 0x29,
0x7F, 0xF2, 0x4C, 0xC0, 0xED, 0x03, 0xA4, 0x02, 0x69, 0x83, 0x4B, 0x59, 0xF0, 0xBE, 0x1A, 0x64,
0x05, 0xFB, 0x46, 0x2F, 0x25, 0x5D, 0xCC, 0x10, 0x7E, 0x33, 0xFB, 0xA1, 0xF4, 0x0F, 0xA4, 0xFC,
0xAB, 0x43, 0x80, 0x52, 0x60, 0x34, 0x9E, 0x46, 0xAB, 0x46, 0x09, 0xF0, 0x90, 0x82, 0x30, 0x78,
0xB3, 0x06, 0xB9, 0x29, 0x7B, 0xF0, 0xCC, 0xB5, 0xD6, 0x2A, 0x9A, 0x56, 0xE2, 0xB7, 0xD3, 0xBF,
0xF7, 0xFC, 0xAD, 0x10, 0x90, 0xC3, 0xA0, 0xAB, 0xC0, 0x67, 0x94, 0x02, 0xAA, 0x13, 0x34, 0x49,
0x00, 0xEC, 0xC1, 0x2B, 0x44, 0x60, 0xE0, 0x4D, 0xE0, 0x9B, 0xA7, 0xAB, 0x5D, 0xFC, 0xC7, 0x24,
0x5E, 0xD6, 0xC0, 0x2F, 0xD3, 0x3F, 0x28, 0xFE, 0x6E, 0x08, 0xC8, 0x3E, 0xE0, 0x4D, 0x01, 0xE1,
0x40, 0xC3, 0x18, 0xF0, 0x84, 0x03, 0x1B, 0x13, 0xF9, 0x27, 0x09, 0x79, 0x96, 0x39, 0xC3, 0x22,
0xFF, 0x5B, 0x69, 0xE2, 0xB0, 0x9E, 0x3D, 0xE8, 0xED, 0xFF, 0x27, 0x53, 0xFC, 0x16, 0x7E, 0xBB,
0xF9, 0x07, 0x57, 0xFE, 0x38, 0x04, 0x70, 0x1F, 0x40, 0x1B, 0x82, 0x62, 0x53, 0xA8, 0x3B, 0x01,
0x8B, 0x81, 0xE3, 0xC3, 0x3B, 0xAD, 0xEF, 0x72, 0x99, 0xEF, 0x1E, 0xCC, 0x77, 0x6F, 0x5F, 0x47,
0xD9, 0xF9, 0x01, 0xFE, 0x6B, 0x0A, 0x3F, 0x48, 0xFF, 0xD0, 0xF8, 0xA3, 0x10, 0xB0, 0x47, 0x01,
0x4B, 0x01, 0xD3, 0x09, 0x46, 0xE3, 0x49, 0x94, 0x3C, 0xB4, 0x7E, 0x25, 0x62, 0xD7, 0x87, 0xB2,
0x1F, 0xE3, 0x0F, 0x3A, 0xFD, 0x3D, 0x7D, 0x00, 0x8F, 0x02, 0xA8, 0x11, 0xE0, 0x4E, 0xC0, 0x5A,
0x41, 0xAB, 0x1D, 0x50, 0xD1, 0x8F, 0xB2, 0xDF, 0x87, 0x1F, 0x97, 0xFF, 0x3F, 0x82, 0x5B, 0xFF,
0xB6, 0xFB, 0x40, 0xB9, 0x02, 0xC5, 0x40, 0xC8, 0x1D, 0xF8, 0xDE, 0xCA, 0xA5, 0xE9, 0xCB, 0xE2,
0xC7, 0xF8, 0x3F, 0x96, 0xE3, 0x0F, 0x90, 0x3F, 0xD5, 0x07, 0x5C, 0x05, 0xE8, 0x18, 0x68, 0xA3,
0x03, 0x90, 0x3E, 0x51, 0xFC, 0x14, 0xFE, 0xAB, 0xB0, 0xF1, 0x17, 0x06, 0xD4, 0x56, 0xC0, 0x76,
0x20, 0x6D, 0x0B, 0xFC, 0x34, 0xD1, 0xF4, 0xA9, 0xE2, 0x87, 0xF8, 0xC1, 0xEC, 0x17, 0x7A, 0xF9,
0xBB, 0x7D, 0xA0, 0x5C, 0x01, 0xD8, 0x0A, 0x94, 0x03, 0x93, 0xD9, 0x7C, 0xD5, 0x82, 0xD2, 0x5F,
0xC4, 0x13, 0x97, 0xFE, 0x80, 0xFF, 0xCD, 0x0A, 0xE8, 0x73, 0x01, 0x1C, 0x03, 0x96, 0x03, 0x2C,
0x08, 0x16, 0xE9, 0x8F, 0x8B, 0x2D, 0x36, 0xF2, 0xCF, 0xC6, 0x63, 0x2B, 0xFA, 0x61, 0xF1, 0x83,
0x63, 0x1F, 0x4E, 0x5F, 0xE2, 0x1F, 0x9A, 0xBF, 0xA7, 0x0F, 0xA8, 0x0D, 0x01, 0x56, 0x00, 0xC4,
0x80, 0xC7, 0x81, 0x65, 0x3C, 0x4F, 0xD2, 0x4B, 0xC0, 0x9F, 0xC3, 0xD2, 0x17, 0xF4, 0x55, 0xF4,
0x7B, 0x8A, 0x9F, 0xC0, 0x3F, 0xF0, 0x6F, 0xA0, 0x00, 0x68, 0x05, 0xB6, 0x03, 0xE3, 0xC9, 0x79,
0x25, 0x48, 0x01, 0x7C, 0x55, 0xFA, 0x8A, 0xBE, 0x5B, 0xFC, 0x45, 0xF6, 0x0F, 0xF8, 0xDF, 0xA4,
0x40, 0xA5, 0x03, 0xE3, 0x25, 0x6B, 0x07, 0xAB, 0xFF, 0xFD, 0xF4, 0x75, 0x5C, 0x44, 0xB3, 0xA5,
0x66, 0x5F, 0xD0, 0xBF, 0x35, 0xF4, 0x75, 0xF1, 0x0F, 0xF8, 0x5F, 0xAD, 0x00, 0x9E, 0x05, 0xB0,
0x03, 0xBA, 0x15, 0x20, 0x07, 0xF8, 0xA5, 0x66, 0x82, 0x98, 0x59, 0xF0, 0xE3, 0xE7, 0xA0, 0xFF,
0xB1, 0x5A, 0x44, 0xF1, 0xB4, 0x10, 0x4E, 0x07, 0x7F, 0x05, 0x7D, 0x84, 0xFF, 0x6A, 0xC0, 0xDF,
0x54, 0x01, 0x13, 0x03, 0xB0, 0x15, 0x98, 0x1C, 0xB0, 0x82, 0x60, 0x24, 0xB7, 0x07, 0xD1, 0x3C,
0xC9, 0xDF, 0x93, 0xFD, 0x2A, 0x99, 0x47, 0xB3, 0x89, 0x7E, 0x7E, 0x2B, 0xF8, 0x8B, 0xBE, 0x5F,
0x44, 0xBF, 0xD5, 0xFA, 0xDD, 0xC9, 0x7F, 0xC0, 0x5F, 0x4F, 0x01, 0x5F, 0x0C, 0x18, 0x07, 0x90,
0x04, 0xA6, 0x1D, 0x48, 0x0D, 0xE2, 0xF9, 0x22, 0x39, 0xBE, 0x31, 0xF0, 0x93, 0xC5, 0x3C, 0x9E,
0x4D, 0xD0, 0x13, 0xAB, 0xED, 0x1E, 0x28, 0x7D, 0x0F, 0x7D, 0x5D, 0xFC, 0x03, 0xFE, 0xD7, 0x2A,
0x40, 0xC7, 0x80, 0x74, 0xC0, 0x92, 0xE0, 0x86, 0x94, 0x40, 0x7A, 0x10, 0x31, 0x11, 0x56, 0x69,
0x13, 0xEE, 0xE9, 0x8A, 0x81, 0x8F, 0x1C, 0xF2, 0xA6, 0xF2, 0x05, 0x7C, 0x13, 0xFC, 0x16, 0x7D,
0xAB, 0xF8, 0x2D, 0xFC, 0x03, 0xFF, 0xA6, 0x0A, 0xE0, 0x18, 0xF0, 0x39, 0x20, 0x93, 0x80, 0xB0,
0x40, 0x9F, 0x1B, 0x4D, 0x67, 0x71, 0x1C, 0x31, 0x19, 0x16, 0x49, 0xB2, 0x5A, 0xAD, 0xF8, 0x07,
0xFF, 0xDF, 0x39, 0xEC, 0xEF, 0xFC, 0xD7, 0x04, 0xD8, 0x1F, 0x24, 0xC9, 0x82, 0x41, 0x8F, 0xE2,
0x78, 0x36, 0x9D, 0xE0, 0x9F, 0xC4, 0xE8, 0x65, 0xEC, 0xDB, 0xA5, 0x6F, 0xD1, 0xF7, 0xE3, 0x1F,
0x18, 0x37, 0x52, 0xC0, 0x8E, 0x01, 0xE0, 0x80, 0x69, 0x06, 0x4A, 0x02, 0xD9, 0x0E, 0x84, 0x05,
0x37, 0x54, 0x16, 0xBC, 0x7E, 0x8D, 0x30, 0xFC, 0xCF, 0x06, 0x7E, 0x39, 0x7D, 0x99, 0xFD, 0x03,
0xFE, 0xD7, 0x2B, 0x50, 0xC4, 0x40, 0x99, 0x03, 0x85, 0x04, 0x3A, 0x0A, 0x6E, 0xB5, 0x05, 0x2A,
0x0E, 0x46, 0x44, 0x3D, 0xD7, 0xA0, 0x2E, 0xB9, 0xB3, 0x27, 0x51, 0xE8, 0x75, 0xE1, 0x13, 0xF0,
0x5D, 0xFA, 0xA8, 0xF8, 0x07, 0xFC, 0xAF, 0x53, 0xC0, 0x8E, 0x01, 0xDB, 0x01, 0x9F, 0x04, 0xBA,
0x23, 0xFC, 0xA1, 0x2D, 0x90, 0x22, 0x18, 0x15, 0xEA, 0x70, 0x87, 0x55, 0x2F, 0xD0, 0x6B, 0xF6,
0x1E, 0xF8, 0x86, 0x3E, 0x88, 0xFE, 0xA1, 0xF5, 0xBF, 0x87, 0x02, 0x76, 0x0C, 0xF8, 0x1C, 0x00,
0x16, 0xE8, 0x8E, 0x20, 0x3D, 0x00, 0x79, 0x60, 0x52, 0x81, 0x5A, 0xD2, 0x96, 0x1B, 0x51, 0xF4,
0x7F, 0x88, 0x75, 0x8B, 0xD0, 0x4B, 0xF6, 0x0A, 0x7E, 0x09, 0x7D, 0xA2, 0xF8, 0x07, 0xFC, 0xAF,
0x55, 0x00, 0xC7, 0x00, 0x72, 0x00, 0x49, 0xF0, 0x11, 0x4A, 0x00, 0x34, 0xD0, 0x22, 0xDC, 0x4A,
0xA2, 0x37, 0x15, 0x0B, 0x72, 0xBF, 0x95, 0x3F, 0x0F, 0xD0, 0x23, 0xF6, 0x08, 0xBE, 0x43, 0x7F,
0xC0, 0xFF, 0xFE, 0x31, 0x50, 0xE2, 0x00, 0x96, 0x00, 0x6B, 0xA0, 0x3C, 0x28, 0x4C, 0xA8, 0x5C,
0xFA, 0xF1, 0xD7, 0x04, 0x7A, 0x0B, 0xFE, 0x40, 0xFF, 0x8C, 0x31, 0x80, 0x1C, 0xA0, 0x24, 0xB0,
0x2D, 0xD0, 0x1A, 0x68, 0x11, 0x80, 0x0B, 0xFE, 0x55, 0x3C, 0xB4, 0xF8, 0xE1, 0x4F, 0x1E, 0xF6,
0x0A, 0xBE, 0x99, 0xFA, 0x48, 0xFA, 0x03, 0xFE, 0xF7, 0x8C, 0x01, 0xAF, 0x03, 0xB6, 0x04, 0x50,
0x03, 0x20, 0x02, 0xB6, 0xC1, 0x59, 0xF8, 0x71, 0xF0, 0x19, 0xF4, 0xB3, 0x52, 0xF0, 0x09, 0xFA,
0x43, 0xF1, 0xFF, 0xBC, 0x18, 0xD0, 0x0E, 0x10, 0x12, 0x18, 0x0B, 0x0A, 0x0D, 0x90, 0x07, 0xAE,
0x0B, 0xEE, 0xB2, 0x1F, 0xFF, 0xD1, 0x41, 0xAF, 0xD9, 0x43, 0xF8, 0x34, 0xFD, 0x01, 0xFF, 0x79,
0x1C, 0xC0, 0x12, 0x00, 0x0B, 0x8C, 0x06, 0xAE, 0x08, 0x55, 0x0B, 0xFC, 0xE8, 0x3F, 0x5D, 0xF6,
0x12, 0xBE, 0x29, 0xFD, 0x81, 0xFE, 0x45, 0x1C, 0x70, 0x24, 0x20, 0x2D, 0xC0, 0x22, 0xF8, 0x84,
0x20, 0x1E, 0x82, 0x9F, 0xC3, 0x65, 0x0F, 0xE1, 0x0F, 0xF4, 0x2F, 0xE0, 0x40, 0x11, 0x04, 0x5C,
0x82, 0xA2, 0x1D, 0x00, 0x0B, 0x6C, 0x0F, 0x7C, 0x32, 0x78, 0xA1, 0x63, 0xF2, 0x9A, 0x3D, 0x84,
0x4F, 0xD2, 0x1F, 0xF0, 0x9F, 0xC1, 0x01, 0x3B, 0x08, 0xB4, 0x04, 0xDA, 0x02, 0xA8, 0x01, 0x29,
0x42, 0xE5, 0x42, 0x4F, 0xF0, 0x2B, 0x66, 0x5F, 0x02, 0x7F, 0xA0, 0x7F, 0x6E, 0x07, 0xA4, 0x04,
0xBA, 0x1D, 0x48, 0x0B, 0x0A, 0x0D, 0xB0, 0x07, 0x55, 0x36, 0x10, 0x0F, 0xFE, 0x15, 0xA2, 0x17,
0xEC, 0x1D, 0xF8, 0x03, 0xFD, 0x0B, 0x3A, 0xE0, 0x4A, 0x40, 0x6A, 0x40, 0x9B, 0x50, 0xB2, 0xE0,
0x4F, 0x5A, 0xE8, 0x25, 0xFB, 0x01, 0x7E, 0x7B, 0x1C, 0xD0, 0x12, 0xB8, 0x16, 0x28, 0x0F, 0x90,
0x08, 0xA4, 0x11, 0xE4, 0x03, 0xFE, 0x63, 0xC8, 0x93, 0xEC, 0x21, 0xFC, 0x81, 0x7E, 0x5B, 0x24,
0x50, 0x16, 0x28, 0x0D, 0xB4, 0x07, 0x4A, 0x04, 0xAF, 0x0C, 0x16, 0x74, 0x00, 0x5E, 0x91, 0x57,
0xE8, 0x0B, 0xF6, 0xBD, 0x81, 0xFF, 0x7F, 0xA2, 0xF5, 0xEC, 0x7E, 0x50, 0xCD, 0xBF, 0x38, 0x00,
0x00, 0x00, 0x00, 0x49, 0x45, 0x4E, 0x44, 0xAE, 0x42, 0x60, 0x82
      };

      bool Imagesource::load(const char* name, ID2D1Bitmap** ppBitmap, ID2D1RenderTarget* pRenderTarget)
      {
        auto _factories = &D2DFactories::GetInstance();
        auto* wic = _factories->wicfactory();

        Microsoft::WRL::ComPtr<IWICStream> pStream; HRESULT hr = wic-> CreateStream(&pStream); if (FAILED(hr)) { return false; }

        hr = pStream->InitializeFromMemory(const_cast<uint8_t*>(pngdata), static_cast<DWORD>(sizeof(pngdata))); if (FAILED(hr)) { return false; }

        Microsoft::WRL::ComPtr<IWICBitmapDecoder> pDecoder; hr = wic->CreateDecoderFromStream(pStream.Get(), nullptr, WICDecodeMetadataCacheOnLoad, &pDecoder); if (FAILED(hr)) { return false; }

        Microsoft::WRL::ComPtr<IWICBitmapFrameDecode> pFrame; hr = pDecoder->GetFrame(0, &pFrame); if (FAILED(hr)) { return false; }

        Microsoft::WRL::ComPtr<IWICFormatConverter> pConverter; hr = wic->CreateFormatConverter(&pConverter); if (FAILED(hr)) { return hr; }

        hr = pConverter->Initialize(pFrame.Get(), GUID_WICPixelFormat32bppPBGRA, WICBitmapDitherTypeNone, nullptr, 0.0, WICBitmapPaletteTypeCustom); if (FAILED(hr)) { return hr; } 
        
        hr = pRenderTarget->CreateBitmapFromWicBitmap(pConverter.Get(), nullptr, ppBitmap);

        return true;
      }



      struct ContextState
      {
        ID2D1DrawingStateBlock* _drawingState = nullptr;
        D2D1::Matrix3x2F _transform = D2D1::Matrix3x2F();
        uint32_t _pencolor = 0;
        uint32_t _brushcolor = 0;
      };

      class Renderer : public IRenderer
      {
      public:
        Renderer(HWND handle, Rect updaterect)
          : _hwnd(handle)
          , _hdc(0)
          , _updaterect(updaterect)
          , _dpi(GetDpiForWindow(handle))
        {
          // CreateDeviceIndependentResources();
        }

        ~Renderer()
        {
          if ( _factories) 
            _factories->release();
        }

        void resize(const Size newsize) override
        {
          if (_renderTarget)
          {
            _renderTarget->Resize(D2D1_SIZE_U{ (UINT32)newsize.w,(UINT32)newsize.h });
            auto dpi = ::GetDpiForWindow(_hwnd);
            _renderTarget->SetDpi(dpi, dpi);
          }
        }

        IRenderer& begin() override
        {

          BeginPaint(_hwnd, &ps);

          HRESULT hr = S_OK;
          CreateDeviceIndependentResources();
          CreateDeviceResources();
          _renderTarget->BeginDraw();
          _currenttransform = D2D1::Matrix3x2F::Translation({ .5,.5 });
          _renderTarget->SetTransform(_currenttransform);

          // _renderTarget->SetAntialiasMode(D2D1_ANTIALIAS_MODE_ALIASED);
          _renderTarget->Clear(D2D1::ColorF(D2D1::ColorF::White));
          return *this;
        }
        IRenderer& end() override
        {
          auto hr = _renderTarget->EndDraw();
          if (hr == D2DERR_RECREATE_TARGET)
          {
            hr = S_OK;
            DiscardDeviceResources();
          }
          EndPaint(_hwnd, &ps);
          return *this;
        }

        IRenderer& push() override
        {
          ID2D1DrawingStateBlock* n = nullptr;
          auto hr = _factories->d2dfactory()->CreateDrawingStateBlock(&n);
          if (hr == S_OK && n)
          {
            _renderTarget->SaveDrawingState(n);
          }
          _stack.push_back(ContextState{ n, _currenttransform, _pencolor, _brushcolor });
          return *this;

        }

        IRenderer& pop() override
        {
          auto n = _stack.back();
          if (n._drawingState)
          {
            _renderTarget->RestoreDrawingState(n._drawingState);
            _currenttransform = n._transform;
            _renderTarget->SetTransform(_currenttransform);
            pen(n._pencolor);
            brush(n._brushcolor);
          }
          _stack.pop_back();
          SafeRelease(&n._drawingState);
          return *this;
        }

        IRenderer& pen(uint32_t color) override
        {
          D2D_COLOR_F c;
          c.a = 1.f;
          c.r = (color & 0xff) / 255.;
          c.g = ((color >> 8) & 0xff) / 255.;
          c.b = ((color >> 16) & 0xff) / 255.;
          _pen->SetColor(c);
          _pencolor = color;
          return *this;
        }

        IRenderer& brush(uint32_t color) override
        {
          D2D_COLOR_F c;
          c.a = 1.f;
          c.r = (color & 0xff) / 255.;
          c.g = ((color >> 8) & 0xff) / 255.;
          c.b = ((color >> 16) & 0xff) / 255.;
          _brush->SetColor(c);
          _brushcolor = color;
          return *this;
        }

        int getDpi() const { return _dpi; }
        bool isScaled() const { return _dpi != 96; }
        void doScale(const bool scale)
        {
          _doscale = scale;
          // todo: any coords stored in members might need to be converted
        }
      private:
        //inline int scaled(const int n)
        //{
        //  if (_doscale)
        //    return MulDiv(n, _dpi, 96);
        //  return n;
        //}
#if 1
        // Initialize device-independent resources.
        HRESULT CreateDeviceIndependentResources();

        // Initialize device-dependent resources.
        HRESULT CreateDeviceResources();

        // Release device-dependent resource.
        void DiscardDeviceResources();
        
        // ID2D1Factory* _direct2dFactory = nullptr;
        D2DFactories* _factories = nullptr;
        ID2D1HwndRenderTarget* _renderTarget = nullptr;
        ID2D1DeviceContext* _deviceContext = nullptr;
#endif

        HWND _hwnd;
        HDC _hdc;
        Rect _updaterect;
        int _dpi = 96;
        bool _doscale = true;
        PAINTSTRUCT ps = {};

        D2D1::Matrix3x2F _currenttransform;

        ID2D1SolidColorBrush* _pen = nullptr;
        ID2D1SolidColorBrush* _brush = nullptr;
        uint32_t _pencolor = 0;
        uint32_t _brushcolor = 0;

        std::vector<ContextState> _stack;

        IRenderer& line(const Point from, const Point to) override
        {
          D2D1_POINT_2F p1{ (float)from.x, (float)from.y };
          D2D1_POINT_2F p2{ (float)to.x, (float)to.y };
          _renderTarget->DrawLine(p1, p2, _pen);
          return *this;
        }

        // Inherited via IRenderer
        IRenderer& rect(const Rect rect) override
        {
          _renderTarget->DrawRectangle(asRect2F(rect), _pen);
          return *this;
        }
        IRenderer& rect(const Rect rect, uint distance) override
        {
          D2D1_ROUNDED_RECT r{ asRect2F(rect), (FLOAT)distance, (FLOAT)distance };
          _renderTarget->DrawRoundedRectangle(r, _pen);
          return *this;
        }
        IRenderer& circle(const Point center, const uint r) override
        {
          D2D1_ELLIPSE e{ asPoint2F(center), (FLOAT)r, (FLOAT)r };
          _renderTarget->DrawEllipse(e, _pen);
          return *this;
        }
        IRenderer& ellipse(const Point center, const uint rx, const uint ry) override
        {
          D2D1_ELLIPSE e{ asPoint2F(center), (FLOAT)rx, (FLOAT)ry };
          _renderTarget->DrawEllipse(e, _pen);
          return *this;
        }

        IRenderer& draw(const Point origin, Asset& asset) override
        {
          push();
          translate(origin);
          //if (asset._platformdata && asset.discarded)
          //{
          //  auto k = static_cast<AssetImpl*>(asset._platformdata);
          //  delete k;
          //  asset.discarded = false;
          //  asset._platformdata = nullptr;
          //}
          if (!asset._platformdata)
          {
            // create assets platform data
            asset._platformdata = new AssetImpl(asset);
          }
          auto k = static_cast<AssetImpl*>(asset._platformdata);          
          k->draw(_deviceContext);

          pop();
          return *this;
        }

        IRenderer& pushclip(const Rect rect) override
        {
          return *this;
        }
        IRenderer& popclip() override
        {
          return *this;
        }
        IRenderer& translate(const Point offset) override
        {
          _currenttransform = _currenttransform * D2D1::Matrix3x2F::Translation(asSize2F(offset));
          _renderTarget->SetTransform(_currenttransform);
          return *this;
        }
        IRenderer& rotate(const Point center, float normalized_angle) override
        {
          _currenttransform =
            _currenttransform * D2D1::Matrix3x2F::Rotation(normalized_angle, asPoint2F(center));
          _renderTarget->SetTransform(_currenttransform);
          return *this;
        }
        IRenderer& scale(float factor, const Point center ) override
        {
          _currenttransform =
            _currenttransform * D2D1::Matrix3x2F::Scale({ factor,factor }, asPoint2F(center));
          _renderTarget->SetTransform(_currenttransform);
          return *this;
        }

        IRenderer& text(const std::string_view text, const Rect rect, uint ninealign) override
        {
          IDWriteTextFormat* format;
          std::string m(text);
          auto w = utf8_to_utf16l(m.c_str());
          auto hr = _factories->dwritefactory()->CreateTextFormat(L"Segoe", NULL,
            DWRITE_FONT_WEIGHT_NORMAL,
            DWRITE_FONT_STYLE_NORMAL, DWRITE_FONT_STRETCH_NORMAL
            , 12, L"en", &format);

          if (SUCCEEDED(hr))
          {
            IDWriteTextLayout* layout;
            hr = _factories->dwritefactory()->CreateTextLayout(w.c_str(), wcslen(w.c_str()), format, rect.w, rect.h, &layout);
            if (SUCCEEDED(hr))
            {
              DWRITE_TEXT_METRICS metrics;
              layout->GetMetrics(&metrics);

              D2D1_RECT_F inner{ metrics.left,metrics.top,metrics.width + metrics.left, metrics.height + metrics.top };
              auto finalrect = asAlignedRect2F(inner, rect, ninealign);
              this->_renderTarget->DrawTextW(w.c_str(), w.size(), format, finalrect, _pen);
              layout->Release();
            }
            format->Release();
          }
 
          return *this;
        }
      };

      // factory function for context
      std::shared_ptr<IRenderer> make(HWND hwnd, const Rect rect)
      {
        return std::make_shared<Renderer>(hwnd, Rect());
      }
      HRESULT Renderer::CreateDeviceIndependentResources()
      {
        if (!_factories)
          _factories = &D2DFactories::GetInstance();
        return S_OK;
      }

      HRESULT Renderer::CreateDeviceResources()
      {

        if (_renderTarget)
          return S_OK;

        HRESULT hr;
        RECT rc;

        GetClientRect(_hwnd, &rc);

        D2D1_SIZE_U size = D2D1::SizeU(
          rc.right - rc.left,
          rc.bottom - rc.top);

        // Create a Direct2D render target.
        D2D1_RENDER_TARGET_PROPERTIES props = D2D1::RenderTargetProperties();

        props.pixelFormat.format = DXGI_FORMAT_B8G8R8A8_UNORM;
        props.pixelFormat.alphaMode = D2D1_ALPHA_MODE_PREMULTIPLIED;

        hr = _factories->d2dfactory()->CreateHwndRenderTarget(
          props,
          D2D1::HwndRenderTargetProperties(_hwnd, size, D2D1_PRESENT_OPTIONS_IMMEDIATELY),
          &_renderTarget);

        if (SUCCEEDED(hr))
        {
          _renderTarget->QueryInterface(
            __uuidof(ID2D1DeviceContext),
            reinterpret_cast<void**>(&_deviceContext)
          );
        }

        if (SUCCEEDED(hr))
        {
          auto dpi = ::GetDpiForWindow(_hwnd);
          _renderTarget->SetDpi(dpi, dpi);
        }

        if (SUCCEEDED(hr))
        {
          // Create a gray brush.
          hr = _renderTarget->CreateSolidColorBrush(
            D2D1::ColorF(D2D1::ColorF::White),
            &_brush
          );
        }

        if (SUCCEEDED(hr))
        {
          // Create a black brush.
          hr = _renderTarget->CreateSolidColorBrush(
            D2D1::ColorF(D2D1::ColorF::Black),
            &_pen
          );
        }

        return hr;
      }

      void Renderer::DiscardDeviceResources()
      {
        SafeRelease(&_pen);
        SafeRelease(&_brush);
        SafeRelease(&_deviceContext);
        SafeRelease(&_renderTarget);
      }

      AssetImpl::AssetImpl(Asset& data)
        : tvg::PlatformData()
        , _data(data)
        , _refs{ nullptr, 0, data }
        , _factories(D2DFactories::GetInstance())
      {
      }

      void AssetImpl::prepareNative(ID2D1DeviceContext* d2ddc)
      {
        if (this->_nativeCommands.empty())
        {
          _refs._dc = d2ddc;
          for (const auto& i : _data.commands)
          {
            switch (i->index)
            {
              case 1: // fill_polygon
                _nativeCommands.push_back(std::make_unique<FillPolygon>(_refs, static_cast<const tvg::FillPolygon&>(*i)));
                break;
              case 2:
                _nativeCommands.push_back(std::make_unique<FillRectangles>(_refs, static_cast<const tvg::FillRectangles&>(*i)));
                break;
              case 3:
                _nativeCommands.push_back(std::make_unique<FillPath>(_refs, static_cast<const tvg::FillPath&>(*i)));
                break;
              case 4:
                _nativeCommands.push_back(std::make_unique<DrawLines>(_refs, static_cast<const tvg::DrawLines&>(*i)));
                break;
              case 5:
                _nativeCommands.push_back(std::make_unique<DrawPolygon>(_refs, static_cast<const tvg::DrawLineLoop&>(*i)));
                break;
              case 6:
                _nativeCommands.push_back(std::make_unique<DrawLineStrip>(_refs, static_cast<const tvg::DrawLineStrip&>(*i)));
                break;
              case 7:
                _nativeCommands.push_back(std::make_unique<DrawPath>(_refs, static_cast<const tvg::DrawLinePath&>(*i)));
                break;
              case 8:
                _nativeCommands.push_back(std::make_unique<OutlineFillPolygon>(_refs, static_cast<const tvg::OutlineFillPolygon&>(*i)));
                break;
              case 9:
                _nativeCommands.push_back(std::make_unique<OutlineFillRectangles>(_refs, static_cast<const tvg::OutlineFillRectangles&>(*i)));
                break;
              case 10:
                _nativeCommands.push_back(std::make_unique<OutlineFillPath>(_refs, static_cast<const tvg::OutlineFillPath&>(*i)));
                break;

            }
          }
        }
      }

      void AssetImpl::draw(ID2D1DeviceContext* d2ddc)
      {
        prepareNative(d2ddc);
        for (auto& c : _nativeCommands)
        {
          c->draw();
        }

      }

      ID2D1Brush* AssetImpl::Command::createBrushFromStyle(const tvg::Style& style)
      {
        ID2D1Brush* result = nullptr;
        if (style.flat)
        {
          ID2D1SolidColorBrush* brush = nullptr;
          auto col = _refs._data.colors[style.type.flat.color_index];
          _refs._dc->CreateSolidColorBrush(toD2D1(col), &brush);
          result = brush;
        }
        else
        {
          if (style.linear)
          {
            ID2D1GradientStopCollection* stops;
            ID2D1LinearGradientBrush* brush;
            auto col1 = _refs._data.colors[style.type.gradient.color_index_0];
            auto col2 = _refs._data.colors[style.type.gradient.color_index_1];

            D2D1_GRADIENT_STOP gradientStops[2];
            gradientStops[0].color = toD2D1(col1);
            gradientStops[0].position = 0.0f;
            gradientStops[1].color = toD2D1(col2);
            gradientStops[1].position = 1.0f;

            _refs._dc->CreateGradientStopCollection(gradientStops, 2, &stops);
            if (stops)
            {
              _refs._dc->CreateLinearGradientBrush(
                { toD2D1(style.type.gradient.point_0) , toD2D1(style.type.gradient.point_1) },
                stops, &brush);
              result = brush;
              // they aren't needed anymore
              SafeRelease(&stops);
            }
          }
          else
          {
            ID2D1GradientStopCollection* stops;
            ID2D1RadialGradientBrush* brush;
            auto col1 = _refs._data.colors[style.type.gradient.color_index_0];
            auto col2 = _refs._data.colors[style.type.gradient.color_index_1];

            D2D1_GRADIENT_STOP gradientStops[2] = {
              {0.f, toD2D1(col1)},
              {1.f, toD2D1(col2)},
            };

            _refs._dc->CreateGradientStopCollection( gradientStops, 2, &stops );
            if (stops)
            {
              auto& grad = style.type.gradient;
              auto& p0 = grad.point_0;
              auto& p1 = grad.point_1;
              auto rx = p1.x - p0.x;
              auto ry = p1.y - p0.y;
              auto r = sqrt((rx * rx) + (ry + ry));

              _refs._dc->CreateRadialGradientBrush(
                { toD2D1(p0) , {0.f,0.f } ,
                r, r },
                stops, &brush);
              result = brush;
              
              SafeRelease(&stops);
            }
          }
        }
        return result;
      }

      ID2D1PathGeometry* AssetImpl::Command::createPathFromTVGRectangles(const std::vector<tvg::Rectangle>& rects) {
        ID2D1PathGeometry* result = nullptr;
        auto& f = D2DFactories::GetInstance();
        f.d2dfactory()->CreatePathGeometry(&result);
        ID2D1GeometrySink* s = NULL;
        result->Open(&s);
        s->SetFillMode(D2D1_FILL_MODE_ALTERNATE);
        for (const auto& r : rects)
        {
          s->BeginFigure({ r.x,r.y }, D2D1_FIGURE_BEGIN_FILLED);
          auto right = r.x + r.w;
          auto bottom = r.y + r.h;
          D2D1_POINT_2F n[3] = {
            { right, r.y},
            { right, bottom },
            { r.x, bottom }
          };
          s->AddLines(n, 3);
          s->EndFigure(D2D1_FIGURE_END_CLOSED);
        }

        s->Close();
        SafeRelease(&s);
        f.release();
        return result;
      }

      ID2D1PathGeometry* AssetImpl::Command::createPathFromTVGPolygon(const std::vector<tvg::Point>& points, bool closed) {
        ID2D1PathGeometry* result;

        auto& f = D2DFactories::GetInstance();

        f.d2dfactory()->CreatePathGeometry(&result);
        ID2D1GeometrySink* s = NULL;
        result->Open(&s);
        s->SetFillMode(D2D1_FILL_MODE_ALTERNATE);
        s->SetSegmentFlags(D2D1_PATH_SEGMENT_FORCE_ROUND_LINE_JOIN);
        s->BeginFigure(toD2D1(points[0]), D2D1_FIGURE_BEGIN_FILLED);
        
        if (points.size() <= 64)
        {
          D2D1_POINT_2F n[64];
          auto r = n;
          for (int i = 1; i < points.size(); ++i)
          {
            auto& p = points[i];
            *r++ = { p.x, p.y };
          }
          s->AddLines(n, points.size() - 1);
        }
        else
        {
          auto n = new D2D1_POINT_2F[points.size()];
          auto r = n;
          for (int i = 1; i < points.size(); ++i)
          {
            auto& p = points[i];
            *r++ = { p.x, p.y };
          }
          s->AddLines(n, points.size() - 1);
          delete[] n;
        }
        
        s->EndFigure(closed ? D2D1_FIGURE_END_CLOSED : D2D1_FIGURE_END_OPEN);

        s->Close();

        SafeRelease(&s);
        f.release();

        return result;
      }

      ID2D1PathGeometry* AssetImpl::Command::createPathFromTVGPath(const tvg::Path& path) {
        ID2D1PathGeometry* result = nullptr;
        auto& f = D2DFactories::GetInstance();
        f.d2dfactory()->CreatePathGeometry(&result);
        ID2D1GeometrySink* s = NULL;
        result->Open(&s);
        s->SetFillMode(D2D1_FILL_MODE_ALTERNATE);
        for (const auto& r : path.segments)
        {
          s->BeginFigure({ r.p0.x,r.p0.y }, D2D1_FIGURE_BEGIN_FILLED);
          tvg::Point last = r.p0; // for horz/vert segments we need to keep and update the last point
          for (const auto& seg : r.node)
          {
            switch (seg.type)
            {
              case 0:
                last = seg.data.line.p2;
                s->AddLine(toD2D1(last));
                break;
              case 1:
                last.x = seg.data.horz.pos;
                s->AddLine(toD2D1(last));
                break;
              case 2:
                last.y = seg.data.vert.pos;
                s->AddLine(toD2D1(last));
                break;
              case 3:
                {
                  last = seg.data.bezier.point_1;
                  D2D1_BEZIER_SEGMENT bs{ toD2D1(seg.data.bezier.control0), toD2D1(seg.data.bezier.control1), toD2D1(last) };
                  s->AddBezier(bs);
                }
                break;
              case 4:
                {
                  last = seg.data.arc.target;
                  D2D1_ARC_SEGMENT as{
                      toD2D1(seg.data.arc.target),
                      {seg.data.arc.radius,seg.data.arc.radius},
                      0.f,
                      (seg.data.arc.sweep ? D2D1_SWEEP_DIRECTION_COUNTER_CLOCKWISE : D2D1_SWEEP_DIRECTION_CLOCKWISE),
                      (seg.data.arc.large_arc ? D2D1_ARC_SIZE_LARGE : D2D1_ARC_SIZE_SMALL) 
                  };
                  s->AddArc(as);
                }
                break;
              case 5:
                {
                  last = seg.data.ellipse.target;
                  D2D1_ARC_SEGMENT as{
                    toD2D1(seg.data.ellipse.target),
                    {seg.data.ellipse.radius_x,seg.data.ellipse.radius_y},
                    seg.data.ellipse.rotation,
                    (seg.data.ellipse.sweep ? D2D1_SWEEP_DIRECTION_COUNTER_CLOCKWISE : D2D1_SWEEP_DIRECTION_CLOCKWISE),
                    (seg.data.ellipse.large_arc ? D2D1_ARC_SIZE_LARGE : D2D1_ARC_SIZE_SMALL) };
                  s->AddArc(as);
                }
                break;
              case 7:
                {
                  last = seg.data.quad.point_1;
                  D2D1_QUADRATIC_BEZIER_SEGMENT qs{
                    toD2D1(seg.data.quad.control),toD2D1(seg.data.quad.point_1)
                  };
                  s->AddQuadraticBezier(qs);
                }
                break;
            }
          }

          s->EndFigure(r.closed ? D2D1_FIGURE_END_CLOSED : D2D1_FIGURE_END_OPEN);
        }

        s->Close();
        SafeRelease(&s);
        return result;
      }

      AssetImpl::FillPolygon::FillPolygon(CommandRefs& refs, const tvg::FillPolygon& fill_polygon)
        : AssetImpl::Command(refs)
        , _data(fill_polygon) {
        // 
      }

      void AssetImpl::FillPolygon::allocate() {
        // allocating _dc resources
        _brush = createBrushFromStyle(_data.prim_style);
        _path = createPathFromTVGPolygon(_data.points, true);

      }
      void AssetImpl::FillPolygon::draw() {
        if (!_path) allocate();
        if ( _path && _brush)
          _refs._dc->FillGeometry(_path, _brush, nullptr);
      }
      void AssetImpl::FillPolygon::discard()
      {
        SafeRelease(&_brush);
        SafeRelease(&_path);
      }

      AssetImpl::FillPolygon::~FillPolygon()
      {
        discard();
      }

      AssetImpl::OutlineFillPolygon::OutlineFillPolygon(CommandRefs& refs, const tvg::OutlineFillPolygon& fill_polygon)
        : AssetImpl::Command(refs)
        , _data(fill_polygon) {
        // 
      }

      void AssetImpl::OutlineFillPolygon::allocate() {
        // allocating _dc resources
        _brush1 = createBrushFromStyle(_data.prim_style);
        _brush2 = createBrushFromStyle(_data.sec_style);
        _path = createPathFromTVGPolygon(_data.points, true);
      }
      void AssetImpl::OutlineFillPolygon::draw() {
        if (!_path) allocate();
        if (_path && _brush1 && _brush2)
        {
          _refs._dc->FillGeometry(_path, _brush1, nullptr);
          _refs._dc->DrawGeometry(_path, _brush2, _data.linewdith);
        }
      }
      void AssetImpl::OutlineFillPolygon::discard()
      {
        SafeRelease(&_brush2);
        SafeRelease(&_brush1);
        SafeRelease(&_path);
      }

      AssetImpl::OutlineFillPolygon::~OutlineFillPolygon()
      {
        discard();
      }

      AssetImpl::FillPath::FillPath(CommandRefs& refs, const tvg::FillPath& fill_path)
        : Command(refs)
        , _data(fill_path)
      {
      }
      void AssetImpl::FillPath::draw() {
        if (!_path) allocate();
        if (_path && _brush)
          _refs._dc->FillGeometry(_path, _brush);
      }
      void AssetImpl::FillPath::discard() {
        SafeRelease(&_brush);
        SafeRelease(&_path);
      }
      AssetImpl::FillPath::~FillPath() {
        discard();
      }
      void AssetImpl::FillPath::allocate() {
        discard();
        _brush = createBrushFromStyle(_data.prim_style);
        _path = createPathFromTVGPath(_data.path);
      }

      AssetImpl::OutlineFillPath::OutlineFillPath(CommandRefs& refs, const tvg::OutlineFillPath& fill_path)
        : Command(refs)
        , _data(fill_path)
      {
      }
      void AssetImpl::OutlineFillPath::draw() {
        if (!_path) allocate();
        if (_path && _brush1 && _brush2) {
          _refs._dc->FillGeometry(_path, _brush1);
          _refs._dc->DrawGeometry(_path, _brush2, _data.linewdith);
        }
      }
      void AssetImpl::OutlineFillPath::discard() {
        SafeRelease(&_brush2);
        SafeRelease(&_brush1);
        SafeRelease(&_path);
      }
      AssetImpl::OutlineFillPath::~OutlineFillPath() {
        discard();
      }
      void AssetImpl::OutlineFillPath::allocate() {
        discard();
        _brush1 = createBrushFromStyle(_data.prim_style);
        _brush2 = createBrushFromStyle(_data.sec_style);
        _path = createPathFromTVGPath(_data.path);
      }
    }
  }
}